-- MySQL dump 10.13  Distrib 5.6.19, for osx10.7 (i386)
--
-- Host: localhost    Database: mafia
-- ------------------------------------------------------
-- Server version	5.5.41-0ubuntu0.14.04.1

/*!40101 SET @OLD_CHARACTER_SET_CLIENT=@@CHARACTER_SET_CLIENT */;
/*!40101 SET @OLD_CHARACTER_SET_RESULTS=@@CHARACTER_SET_RESULTS */;
/*!40101 SET @OLD_COLLATION_CONNECTION=@@COLLATION_CONNECTION */;
/*!40101 SET NAMES utf8 */;
/*!40103 SET @OLD_TIME_ZONE=@@TIME_ZONE */;
/*!40103 SET TIME_ZONE='+00:00' */;
/*!40014 SET @OLD_UNIQUE_CHECKS=@@UNIQUE_CHECKS, UNIQUE_CHECKS=0 */;
/*!40014 SET @OLD_FOREIGN_KEY_CHECKS=@@FOREIGN_KEY_CHECKS, FOREIGN_KEY_CHECKS=0 */;
/*!40101 SET @OLD_SQL_MODE=@@SQL_MODE, SQL_MODE='NO_AUTO_VALUE_ON_ZERO' */;
/*!40111 SET @OLD_SQL_NOTES=@@SQL_NOTES, SQL_NOTES=0 */;

--
-- Table structure for table `Game`
--

DROP TABLE IF EXISTS `Game`;
/*!40101 SET @saved_cs_client     = @@character_set_client */;
/*!40101 SET character_set_client = utf8 */;
CREATE TABLE `Game` (
  `id` int(11) NOT NULL AUTO_INCREMENT,
  `date` date DEFAULT NULL,
  `result` int(10) DEFAULT NULL,
  `season` int(10) DEFAULT NULL,
  `master` varchar(60) DEFAULT NULL,
  PRIMARY KEY (`id`),
  KEY `master_idx` (`master`),
  CONSTRAINT `master` FOREIGN KEY (`master`) REFERENCES `Member` (`nickname`) ON DELETE CASCADE ON UPDATE CASCADE
) ENGINE=InnoDB AUTO_INCREMENT=210 DEFAULT CHARSET=utf8;
/*!40101 SET character_set_client = @saved_cs_client */;

--
-- Dumping data for table `Game`
--

LOCK TABLES `Game` WRITE;
/*!40000 ALTER TABLE `Game` DISABLE KEYS */;
INSERT INTO `Game` VALUES (59,NULL,2,1,NULL),(60,NULL,1,1,NULL),(61,NULL,0,1,NULL),(62,NULL,1,1,NULL),(63,NULL,2,1,NULL),(64,NULL,0,1,NULL),(65,NULL,3,1,NULL),(66,NULL,2,1,NULL),(67,NULL,3,1,NULL),(68,NULL,3,1,NULL),(69,NULL,1,1,NULL),(70,NULL,1,1,NULL),(71,NULL,1,1,NULL),(72,NULL,3,1,NULL),(73,NULL,2,1,NULL),(74,NULL,3,1,NULL),(75,NULL,3,1,NULL),(76,NULL,1,1,NULL),(77,NULL,1,1,NULL),(78,NULL,1,1,NULL),(79,NULL,3,1,NULL),(80,NULL,1,1,NULL),(81,NULL,1,1,NULL),(82,NULL,3,1,NULL),(83,NULL,0,1,NULL),(84,NULL,3,1,NULL),(85,NULL,3,1,NULL),(86,NULL,2,1,NULL),(87,NULL,0,1,NULL),(88,NULL,3,1,NULL),(89,NULL,2,1,NULL),(90,NULL,3,1,NULL),(91,NULL,2,1,NULL),(92,NULL,0,1,NULL),(93,NULL,0,1,NULL),(94,NULL,2,1,NULL),(95,NULL,0,1,NULL),(96,NULL,2,1,NULL),(97,NULL,3,1,NULL),(98,NULL,1,1,NULL),(99,NULL,2,1,NULL),(100,NULL,0,1,NULL),(101,NULL,0,1,NULL),(102,NULL,1,1,NULL),(103,NULL,2,1,NULL),(104,NULL,3,1,NULL),(105,NULL,0,1,NULL),(106,NULL,0,1,NULL),(107,NULL,2,1,NULL),(108,NULL,3,1,NULL),(109,NULL,0,1,NULL),(110,NULL,1,1,NULL),(111,NULL,3,1,NULL),(112,NULL,0,1,NULL),(113,NULL,3,1,NULL),(114,NULL,0,1,NULL),(115,NULL,0,1,NULL),(116,NULL,1,1,NULL),(117,NULL,3,1,NULL),(118,NULL,2,1,NULL),(119,NULL,1,1,NULL),(120,NULL,3,1,NULL),(121,NULL,2,1,NULL),(122,NULL,1,1,NULL),(123,NULL,0,1,NULL),(124,NULL,3,1,NULL),(125,NULL,1,1,NULL),(126,NULL,1,1,NULL),(127,NULL,2,1,NULL),(128,NULL,3,1,NULL),(129,NULL,1,1,NULL),(130,NULL,1,1,NULL),(131,NULL,3,1,NULL),(132,NULL,2,1,NULL),(133,NULL,0,1,NULL),(134,NULL,1,1,NULL),(135,NULL,1,1,NULL),(136,NULL,0,1,NULL),(137,NULL,0,1,NULL),(138,NULL,0,1,NULL),(139,NULL,1,1,NULL),(140,NULL,3,1,NULL),(141,NULL,3,1,NULL),(142,NULL,1,1,NULL),(143,NULL,2,1,NULL),(144,NULL,2,1,NULL),(145,NULL,0,1,NULL),(146,NULL,2,1,NULL),(147,NULL,0,1,NULL),(148,NULL,0,1,NULL),(149,NULL,0,1,NULL),(150,NULL,3,1,NULL),(151,NULL,2,1,NULL),(152,NULL,1,1,NULL),(153,NULL,3,1,NULL),(154,NULL,2,1,NULL),(155,NULL,1,1,NULL),(156,NULL,2,1,NULL),(157,NULL,0,1,NULL),(158,NULL,2,1,NULL),(159,NULL,2,1,NULL),(160,NULL,2,1,NULL),(161,NULL,2,1,NULL),(162,NULL,1,1,NULL),(163,NULL,1,1,NULL);
/*!40000 ALTER TABLE `Game` ENABLE KEYS */;
UNLOCK TABLES;

--
-- Table structure for table `Member`
--

DROP TABLE IF EXISTS `Member`;
/*!40101 SET @saved_cs_client     = @@character_set_client */;
/*!40101 SET character_set_client = utf8 */;
CREATE TABLE `Member` (
  `nickname` varchar(60) NOT NULL,
  `vkontakte` varchar(100) DEFAULT NULL,
  `birthday` date DEFAULT NULL,
  `mail` varchar(100) DEFAULT NULL,
  `telephone` varchar(100) DEFAULT NULL,
  PRIMARY KEY (`nickname`)
) ENGINE=InnoDB DEFAULT CHARSET=utf8;
/*!40101 SET character_set_client = @saved_cs_client */;

--
-- Dumping data for table `Member`
--

LOCK TABLES `Member` WRITE;
/*!40000 ALTER TABLE `Member` DISABLE KEYS */;
INSERT INTO `Member` VALUES ('Akito','',NULL,NULL,NULL),('Arch Enemy','dreamwalker7',NULL,NULL,NULL),('Barselino','',NULL,NULL,NULL),('Batler','alexbuttler',NULL,NULL,NULL),('Blink','keepon_rollin',NULL,NULL,NULL),('Candy','lyudmilkaaa7',NULL,NULL,NULL),('CAPS','kseniya_sedelnikova',NULL,NULL,NULL),('Deja vu',NULL,NULL,NULL,NULL),('Do you',NULL,NULL,NULL,NULL),('Etc','etcetere',NULL,NULL,NULL),('Faust','faustern',NULL,NULL,NULL),('Fool',NULL,NULL,NULL,NULL),('Foster','komdon',NULL,NULL,NULL),('Fox','ss_fox',NULL,NULL,NULL),('Francesco','harry_franc',NULL,NULL,NULL),('Hunter',NULL,NULL,NULL,NULL),('Jane','id_your_jane',NULL,NULL,NULL),('Just','',NULL,NULL,NULL),('Kurt','volynetsoleg',NULL,NULL,NULL),('Lens','id16360140',NULL,NULL,NULL),('Light',NULL,NULL,NULL,NULL),('Locky','o_o_0_0_o_o',NULL,NULL,NULL),('Mari',NULL,NULL,NULL,NULL),('Morley','morley',NULL,NULL,NULL),('PacMan','kovtanyuk_oleg',NULL,NULL,NULL),('Primary','id11929699',NULL,NULL,NULL),('Proud Deer','id24599413',NULL,NULL,NULL),('Questra','questra',NULL,NULL,NULL),('R2D2','ashevskiy',NULL,NULL,NULL),('RIO',NULL,NULL,NULL,NULL),('Snoopy','snoopy_ua',NULL,NULL,NULL),('Spielberg','tsvill',NULL,NULL,NULL),('Ten','ten_mafia',NULL,NULL,NULL),('Vilka','kharytonov_tony',NULL,NULL,NULL),('Vincent','andrew.stanj',NULL,NULL,NULL),('XXX','komdon',NULL,NULL,NULL),('Yes','',NULL,NULL,NULL),('Аббревиатура','miss_of_cct',NULL,NULL,NULL),('Агрессор','id83905991',NULL,NULL,NULL),('Айдахо','find_the_clue',NULL,NULL,NULL),('Айсберг','id176895873',NULL,NULL,NULL),('Амахонда','id19328053',NULL,NULL,NULL),('Андріолло','komdon',NULL,NULL,NULL),('Ария','id23345456',NULL,NULL,NULL),('Арлекино','arlekos',NULL,NULL,NULL),('Артист','belb4onok',NULL,NULL,NULL),('Бабай','id71988945',NULL,NULL,NULL),('Банан','id13765879',NULL,NULL,NULL),('Бета','id5292281',NULL,NULL,NULL),('Борман','keepbleeding',NULL,NULL,NULL),('Бренди','nortman',NULL,NULL,NULL),('Вася','ndobrovolska',NULL,NULL,NULL),('Веселий Молочник','yanovych',NULL,NULL,NULL),('Голубок','komdon',NULL,NULL,NULL),('Голубь','didichenko',NULL,NULL,NULL),('Грей','komdon',NULL,NULL,NULL),('Гуффи','guffy_r',NULL,NULL,NULL),('Дания','panda_love_boo',NULL,NULL,NULL),('Дари',NULL,NULL,NULL,NULL),('Денис','komdon',NULL,NULL,NULL),('Джек-Пот','x_jack_pot_x',NULL,NULL,NULL),('Джесс',NULL,NULL,NULL,NULL),('Дракон','dragonfly22',NULL,NULL,NULL),('Дровосек','komdon',NULL,NULL,NULL),('Елка','komdon',NULL,NULL,NULL),('Жеглов','ikulyk',NULL,NULL,NULL),('Зара','kuzhylnaya',NULL,NULL,NULL),('Заяц','egor.zaitsev',NULL,NULL,NULL),('Звездочка','just_polishchuk',NULL,NULL,NULL),('Игрок','igrok_iasa',NULL,NULL,NULL),('Инквизитор','advo_kat',NULL,NULL,NULL),('Какую Хочешь','komdon',NULL,NULL,NULL),('Капитан Морган','morgancap',NULL,NULL,NULL),('Карма',NULL,NULL,NULL,NULL),('Ква','komdon',NULL,NULL,NULL),('Кертис','',NULL,NULL,NULL),('Клич','id19111965',NULL,NULL,NULL),('Князь','knyaz1991',NULL,NULL,NULL),('Командор','id5945049',NULL,NULL,NULL),('Констанция',NULL,NULL,NULL,NULL),('Космос','id206913380',NULL,NULL,NULL),('Лилия','id135915214',NULL,NULL,NULL),('Лунатик','amy_crime',NULL,NULL,NULL),('Мака','id26439075',NULL,NULL,NULL),('Мари',NULL,NULL,NULL,NULL),('Мерлин','egemon',NULL,NULL,NULL),('Мертвячок','nikita_glumov',NULL,NULL,NULL),('Микки','id71737546',NULL,NULL,NULL),('Морган','id5815850',NULL,NULL,NULL),('Неважно',NULL,NULL,NULL,NULL),('Ник','nikolay_fomich',NULL,NULL,NULL),('Ниф','neftys',NULL,NULL,NULL),('Окси','oksankakow',NULL,NULL,NULL),('Павлин','id24099856',NULL,NULL,NULL),('Панда','blandger',NULL,NULL,NULL),('Паника','tanyamaslyuk',NULL,NULL,NULL),('Паника (ББ)','anna_blokhina',NULL,NULL,NULL),('ПП','shokotko_iren',NULL,NULL,NULL),('Пушкин','kirilord',NULL,NULL,NULL),('Равик','',NULL,NULL,NULL),('Рамино','id12904754',NULL,NULL,NULL),('Редиска','',NULL,NULL,NULL),('Роммель','rommel2',NULL,NULL,NULL),('Ронни','id3174572',NULL,NULL,NULL),('Свердлова','anya_sverdlova',NULL,NULL,NULL),('Сигрун','id6056686',NULL,NULL,NULL),('Сова','inna_markus',NULL,NULL,NULL),('Стриптизер','vl_kh',NULL,NULL,NULL),('Сутенерша','id24021994ann',NULL,NULL,NULL),('Термит','rinkishi',NULL,NULL,NULL),('Тип','creepisangry',NULL,NULL,NULL),('Тор','id14090560',NULL,NULL,NULL),('Точка','',NULL,NULL,NULL),('Треф','',NULL,NULL,NULL),('Турист','tourist_petya',NULL,NULL,NULL),('Уайт','komdon',NULL,NULL,NULL),('Ульфрик','p.shok',NULL,NULL,NULL),('Файна','',NULL,NULL,NULL),('Фантом','fantomchuk',NULL,NULL,NULL),('Фетиш','id23212281',NULL,NULL,NULL),('Флоркинс','florkins',NULL,NULL,NULL),('Хилависа','komdon',NULL,NULL,NULL),('Хирург','id17668773',NULL,NULL,NULL),('Цапля','id27309668',NULL,NULL,NULL),('Шпион','id221551509',NULL,NULL,NULL),('Эльза','z_vlada',NULL,NULL,NULL),('Эмоциональный',NULL,NULL,NULL,NULL),('Эргноор','',NULL,NULL,NULL),('Южная','yujna_ya',NULL,NULL,NULL),('Юрист','komdon',NULL,NULL,NULL);
/*!40000 ALTER TABLE `Member` ENABLE KEYS */;
UNLOCK TABLES;

--
-- Table structure for table `Player`
--

DROP TABLE IF EXISTS `Player`;
/*!40101 SET @saved_cs_client     = @@character_set_client */;
/*!40101 SET character_set_client = utf8 */;
CREATE TABLE `Player` (
  `id` int(10) unsigned NOT NULL AUTO_INCREMENT,
  `nickname` varchar(60) DEFAULT NULL,
  `game_id` int(10) DEFAULT NULL,
  `number` int(10) DEFAULT NULL,
  `role` int(10) DEFAULT NULL,
  `life` int(10) DEFAULT NULL,
  `best_voices` int(10) DEFAULT NULL,
  `final_decision` int(10) DEFAULT NULL,
  `fouls` int(10) DEFAULT NULL,
  PRIMARY KEY (`id`),
  KEY `nick_idx` (`nickname`),
  KEY `game_idx` (`game_id`),
  CONSTRAINT `game` FOREIGN KEY (`game_id`) REFERENCES `Game` (`id`) ON DELETE CASCADE ON UPDATE CASCADE,
  CONSTRAINT `player` FOREIGN KEY (`nickname`) REFERENCES `Member` (`nickname`) ON DELETE NO ACTION ON UPDATE NO ACTION
) ENGINE=InnoDB AUTO_INCREMENT=1979 DEFAULT CHARSET=utf8;
/*!40101 SET character_set_client = @saved_cs_client */;

--
-- Dumping data for table `Player`
--

LOCK TABLES `Player` WRITE;
/*!40000 ALTER TABLE `Player` DISABLE KEYS */;
INSERT INTO `Player` VALUES (469,'Бета',59,1,0,1,0,0,0),(470,'Панда',59,2,0,2,0,0,0),(471,'Дракон',59,3,0,0,0,0,0),(472,'Космос',59,4,0,0,1,0,3),(473,'Звездочка',59,5,0,3,1,0,2),(474,'Стриптизер',59,6,2,0,0,0,1),(475,'Spielberg',59,7,0,7,0,0,2),(476,'Амахонда',59,8,2,8,0,0,2),(477,'Arch Enemy',59,9,1,9,2,0,0),(478,'Kurt',59,10,3,0,4,0,2),(479,'Fox',60,1,0,1,0,0,0),(480,'Заяц',60,2,3,7,0,0,3),(481,'Свердлова',60,3,0,2,0,0,0),(482,'Жеглов',60,4,1,0,2,0,3),(483,'Бета',60,5,0,0,1,0,0),(484,'Vilka',60,6,0,0,3,0,3),(485,'Faust',60,7,2,8,1,0,3),(486,'Веселий Молочник',60,8,0,3,2,0,2),(487,'Звездочка',60,9,0,0,1,0,1),(488,'Стриптизер',60,10,2,9,0,0,0),(489,'Игрок',61,1,0,5,0,0,0),(490,'Паника',61,2,0,7,0,0,0),(491,'Веселий Молочник',61,3,0,4,1,0,1),(492,'Kurt',61,4,2,11,3,0,3),(493,'Фетиш',61,5,0,1,0,0,0),(494,'Жеглов',61,6,0,0,4,1,3),(495,'Эльза',61,7,0,10,0,0,1),(496,'Vincent',61,8,3,9,0,0,2),(497,'Faust',61,9,2,8,0,0,1),(498,'Борман',61,10,1,0,1,0,2),(499,'Fox',62,1,0,0,0,0,0),(500,'Фетиш',62,2,3,9,1,0,1),(501,'Стриптизер',62,3,2,8,0,0,1),(502,'Звездочка',62,4,0,2,3,0,1),(503,'Заяц',62,5,2,7,0,0,1),(504,'Бета',62,6,0,1,1,0,0),(505,'Vincent',62,7,0,0,0,0,1),(506,'Spielberg',62,8,0,0,4,0,2),(507,'Шпион',62,9,1,3,0,0,0),(508,'Борман',62,10,0,0,1,0,2),(509,'Vilka',63,1,2,0,5,1,3),(510,'Заяц',63,2,0,0,0,0,1),(511,'Фетиш',63,3,0,0,0,0,1),(512,'Звездочка',63,4,0,0,0,0,3),(513,'Fox',63,5,0,0,0,0,0),(514,'Стриптизер',63,6,2,0,0,0,1),(515,'Эльза',63,7,1,0,1,0,3),(516,'Kurt',63,8,0,0,1,0,3),(517,'Свердлова',63,9,0,0,1,0,0),(518,'Faust',63,10,3,0,2,0,3),(519,'Spielberg',64,1,0,0,4,1,2),(520,'Стриптизер',64,2,2,10,0,0,1),(521,'Космос',64,3,0,3,0,0,2),(522,'Arch Enemy',64,4,1,0,2,0,0),(523,'Хирург',64,5,2,7,0,0,0),(524,'Locky',64,6,0,0,2,0,3),(525,'Цапля',64,7,0,8,0,0,2),(526,'Морган',64,8,3,9,0,0,0),(527,'Амахонда',64,9,0,1,0,0,0),(528,'Звездочка',64,10,0,2,0,0,1),(529,'Капитан Морган',65,1,0,0,1,0,1),(530,'Звездочка',65,2,0,3,0,0,2),(531,'Панда',65,3,1,0,2,0,2),(532,'Kurt',65,4,3,0,1,0,3),(533,'Бета',65,5,0,7,0,0,2),(534,'Голубь',65,6,0,0,0,0,2),(535,'Стриптизер',65,7,0,6,0,0,1),(536,'Vilka',65,8,2,0,4,0,3),(537,'Амахонда',65,9,0,8,0,0,2),(538,'Денис',65,10,2,0,2,0,1),(539,'Амахонда',66,1,1,3,0,0,2),(540,'Vincent',66,2,0,9,0,0,2),(541,'Капитан Морган',66,3,0,4,1,0,2),(542,'Locky',66,4,2,0,2,0,3),(543,'Хирург',66,5,0,7,0,0,0),(544,'Цапля',66,6,0,0,0,0,3),(545,'Космос',66,7,0,1,2,0,1),(546,'Arch Enemy',66,8,2,9,1,0,0),(547,'Дракон',66,9,0,10,1,0,0),(548,'Vilka',66,10,3,8,0,0,2),(549,'Турист',67,1,0,3,0,0,1),(550,'Хирург',67,2,0,9,0,0,2),(551,'Arch Enemy',67,3,3,0,0,0,1),(552,'Звездочка',67,4,2,0,6,0,1),(553,'Капитан Морган',67,5,0,8,0,0,2),(554,'Космос',67,6,0,0,1,0,3),(555,'Vincent',67,7,1,1,0,0,0),(556,'Дракон',67,8,0,7,0,0,0),(557,'Панда',67,9,0,0,0,0,2),(558,'Vilka',67,10,2,0,1,0,3),(559,'Стриптизер',68,1,3,0,0,0,2),(560,'Spielberg',68,2,0,0,3,0,2),(561,'Космос',68,3,0,0,2,0,2),(562,'Амахонда',68,4,2,0,2,0,3),(563,'Турист',68,5,0,7,0,0,2),(564,'Vincent',68,6,0,0,0,0,0),(565,'Arch Enemy',68,7,1,8,2,0,1),(566,'Хирург',68,8,2,0,0,0,3),(567,'Locky',68,9,0,1,1,0,2),(568,'Арлекино',68,10,0,2,0,0,1),(569,'Стриптизер',69,1,0,1,0,0,1),(570,'Амахонда',69,2,1,0,4,0,2),(571,'Дракон',69,3,0,5,0,0,2),(572,'Vilka',69,4,0,9,0,0,2),(573,'Звездочка',69,5,0,0,5,1,3),(574,'Locky',69,6,0,7,0,0,3),(575,'Spielberg',69,7,2,8,0,0,3),(576,'Морган',69,8,3,11,1,0,3),(577,'Капитан Морган',69,9,2,10,0,0,2),(578,'Арлекино',69,10,0,4,0,0,3),(579,'Панда',70,1,0,1,0,0,1),(580,'Турист',70,2,2,9,0,0,1),(581,'Космос',70,3,2,7,0,0,3),(582,'Денис',70,4,0,0,1,0,1),(583,'Хирург',70,5,0,0,4,0,2),(584,'Морган',70,6,0,3,2,0,0),(585,'Бета',70,7,1,0,3,0,0),(586,'Капитан Морган',70,8,0,0,0,0,3),(587,'Vincent',70,9,3,8,0,0,3),(588,'Spielberg',70,10,0,2,0,0,1),(589,'Vincent',71,1,0,1,1,0,2),(590,'Locky',71,2,0,0,1,0,2),(591,'Хирург',71,3,2,0,1,0,4),(592,'Турист',71,4,0,0,1,0,0),(593,'Стриптизер',71,5,1,0,1,0,1),(594,'Арлекино',71,6,2,0,1,0,4),(595,'Морган',71,7,0,0,1,0,0),(596,'Амахонда',71,8,0,0,1,0,0),(597,'Звездочка',71,9,0,0,1,0,0),(598,'Капитан Морган',71,10,3,7,1,0,1),(599,'Зара',72,1,3,0,2,0,1),(600,'Амахонда',72,2,0,1,0,0,0),(601,'Blink',72,3,2,0,0,0,1),(602,'Хилависа',72,4,0,0,0,0,0),(603,'Etc',72,5,0,2,0,0,0),(604,'R2D2',72,6,2,0,5,0,1),(605,'Цапля',72,7,1,0,1,0,3),(606,'Борман',72,8,0,7,0,0,0),(607,'ПП',72,9,0,8,2,0,2),(608,'Бета',72,10,0,0,0,0,0),(609,'Сигрун',73,1,0,3,1,0,0),(610,'Амахонда',73,2,2,0,1,0,3),(611,'Blink',73,3,3,9,1,0,2),(612,'Candy',73,4,0,0,1,0,0),(613,'Batler',73,5,0,1,1,0,0),(614,'Борман',73,6,1,10,1,0,0),(615,'Бета',73,7,2,8,1,0,1),(616,'R2D2',73,8,0,7,1,0,0),(617,'Хилависа',73,9,0,2,1,0,0),(618,'Etc',73,10,0,4,1,0,2),(619,'Ten',74,1,1,8,0,0,2),(620,'Fox',74,2,0,0,0,0,1),(621,'Ниф',74,3,0,1,0,0,1),(622,'Амахонда',74,4,0,2,0,0,1),(623,'Сигрун',74,5,0,0,0,0,1),(624,'Blink',74,6,2,0,0,0,3),(625,'Ник',74,7,2,0,4,0,0),(626,'Павлин',74,8,0,7,0,0,1),(627,'Борман',74,9,0,0,0,0,0),(628,'Звездочка',74,10,3,0,4,0,1),(629,'Vincent',75,1,0,8,4,0,1),(630,'Ten',75,2,0,0,0,0,0),(631,'Ник',75,3,0,0,0,0,0),(632,'Цапля',75,4,1,0,1,0,2),(633,'Ниф',75,5,0,0,1,0,2),(634,'Ква',75,6,0,1,0,0,1),(635,'Мака',75,7,3,0,2,1,1),(636,'ПП',75,8,2,0,2,0,2),(637,'Павлин',75,9,0,7,0,0,1),(638,'Зара',75,10,2,0,0,0,1),(639,'Мертвячок',76,1,1,0,1,0,2),(640,'Заяц',76,2,0,0,0,0,3),(641,'Стриптизер',76,3,2,9,0,0,1),(642,'Фетиш',76,4,0,0,0,0,1),(643,'Борман',76,5,0,8,1,0,0),(644,'Kurt',76,6,2,1,3,0,0),(645,'Vincent',76,7,3,2,0,0,2),(646,'Свердлова',76,8,0,7,1,0,1),(647,'Fox',76,9,0,0,0,0,1),(648,'Звездочка',76,10,0,3,0,0,2),(649,'Цапля',77,1,0,0,0,0,3),(650,'Космос',77,2,0,0,1,0,2),(651,'Дракон',77,3,0,0,0,0,0),(652,'Зара',77,4,0,1,0,0,0),(653,'Инквизитор',77,5,2,7,0,0,0),(654,'Звездочка',77,6,0,0,2,0,2),(655,'Фетиш',77,7,3,7,0,0,0),(656,'Борман',77,8,1,0,6,0,0),(657,'Ниф',77,9,2,7,0,0,3),(658,'Jane',77,10,0,0,1,0,2),(659,'Хирург',78,1,0,0,4,0,1),(660,'Амахонда',78,2,0,0,1,0,1),(661,'Зара',78,3,0,0,0,0,0),(662,'Дракон',78,4,0,0,1,0,0),(663,'Заяц',78,5,0,1,0,0,0),(664,'Fox',78,6,0,0,0,0,0),(665,'Blink',78,7,3,8,0,0,1),(666,'Vilka',78,8,1,0,4,0,2),(667,'Инквизитор',78,9,2,7,0,0,1),(668,'Цапля',78,10,2,9,0,0,2),(669,'Fox',79,1,0,0,1,0,0),(670,'Ниф',79,2,2,0,3,0,2),(671,'Vincent',79,3,3,0,0,0,2),(672,'Тор',79,4,0,7,0,0,1),(673,'Эльза',79,5,0,1,0,0,0),(674,'Бренди',79,6,2,0,5,0,2),(675,'Jane',79,7,0,0,0,0,2),(676,'Francesco',79,8,0,0,0,0,1),(677,'Дракон',79,9,1,8,1,0,0),(678,'Стриптизер',79,10,0,2,0,0,2),(679,'Инквизитор',80,1,2,8,0,0,0),(680,'Термит',80,2,0,0,1,0,1),(681,'Ульфрик',80,3,0,0,0,0,3),(682,'Звездочка',80,4,0,1,4,1,0),(683,'Пушкин',80,5,0,0,1,0,2),(684,'Зара',80,6,1,3,3,0,0),(685,'Ария',80,7,0,9,0,0,1),(686,'R2D2',80,8,2,9,0,0,2),(687,'Lens',80,9,0,0,1,0,2),(688,'Микки',80,10,3,7,0,0,1),(689,'R2D2',81,1,0,0,0,0,1),(690,'Космос',81,2,0,0,4,0,1),(691,'Цапля',81,3,2,7,0,0,1),(692,'Ария',81,4,0,0,0,0,0),(693,'Lens',81,5,0,2,5,0,2),(694,'Фетиш',81,6,3,8,0,0,1),(695,'Proud Deer',81,7,0,1,0,0,0),(696,'Айсберг',81,8,2,9,0,0,0),(697,'Fox',81,9,1,0,0,0,1),(698,'Зара',81,10,0,0,1,0,0),(699,'Борман',82,1,0,0,0,0,0),(700,'Цапля',82,2,0,0,0,0,2),(701,'Fox',82,3,1,8,0,0,2),(702,'Инквизитор',82,4,0,7,0,0,0),(703,'Космос',82,5,3,0,1,0,3),(704,'Заяц',82,6,0,2,0,0,0),(705,'Амахонда',82,7,2,0,3,0,3),(706,'Vilka',82,8,0,1,0,0,1),(707,'Дракон',82,9,0,0,0,0,1),(708,'Хирург',82,10,2,0,1,0,2),(709,'Стриптизер',83,1,1,0,0,0,0),(710,'Fox',83,2,2,10,0,0,0),(711,'Заяц',83,3,0,0,2,0,1),(712,'Фетиш',83,4,0,0,1,0,0),(713,'Vincent',83,5,0,3,0,0,2),(714,'Борман',83,6,2,8,0,0,0),(715,'Kurt',83,7,0,1,0,0,0),(716,'Паника',83,8,0,2,0,0,2),(717,'Эльза',83,9,0,7,0,0,0),(718,'Игрок',83,10,3,9,0,0,2),(719,'Ниф',84,1,1,1,1,0,0),(720,'Тор',84,2,0,7,0,0,0),(721,'Дракон',84,3,2,0,0,0,0),(722,'Стриптизер',84,4,0,3,0,0,0),(723,'Звездочка',84,5,0,0,1,0,0),(724,'Fox',84,6,0,0,0,0,0),(725,'Эльза',84,7,0,8,0,0,0),(726,'Vincent',84,8,3,0,0,0,0),(727,'CAPS',84,9,0,0,0,0,0),(728,'Фетиш',84,10,2,0,7,0,0),(729,'Мертвячок',85,1,0,2,0,0,3),(730,'Космос',85,2,0,0,0,0,4),(731,'Инквизитор',85,3,3,0,0,0,0),(732,'Борман',85,4,0,0,0,0,4),(733,'Амахонда',85,5,0,1,0,0,1),(734,'Зара',85,6,1,0,0,0,2),(735,'Цапля',85,7,0,7,0,0,2),(736,'Фетиш',85,8,2,0,1,0,1),(737,'Vilka',85,9,0,0,3,0,2),(738,'Blink',85,10,2,0,2,0,1),(739,'Цапля',86,1,1,6,1,0,0),(740,'Proud Deer',86,2,0,8,0,0,3),(741,'Blink',86,3,2,0,1,0,3),(742,'Космос',86,4,2,9,1,0,3),(743,'Vincent',86,5,0,3,1,0,1),(744,'Айсберг',86,6,0,4,0,0,0),(745,'Фетиш',86,7,3,7,2,1,1),(746,'Kurt',86,8,0,2,0,0,0),(747,'Ниф',86,9,0,0,0,0,2),(748,'Амахонда',86,10,0,10,2,0,1),(749,'Vilka',87,1,0,8,1,0,2),(750,'Дракон',87,2,1,1,0,0,1),(751,'Амахонда',87,3,0,0,3,0,2),(752,'Vincent',87,4,0,2,1,0,2),(753,'Бета',87,5,3,9,0,0,0),(754,'Ниф',87,6,2,10,1,0,3),(755,'Инквизитор',87,7,0,0,0,0,3),(756,'Kurt',87,8,2,7,0,0,3),(757,'Борман',87,9,0,4,0,0,1),(758,'Звездочка',87,10,0,0,4,1,2),(759,'Ульфрик',88,1,2,0,0,0,1),(760,'Зара',88,2,2,8,0,0,0),(761,'Свердлова',88,3,0,7,0,0,0),(762,'Blink',88,4,0,0,0,0,3),(763,'Kurt',88,5,0,3,0,0,3),(764,'Заяц',88,6,0,0,0,0,1),(765,'Пушкин',88,7,0,0,0,0,3),(766,'Lens',88,8,1,0,1,0,3),(767,'Звездочка',88,9,3,0,6,0,0),(768,'Космос',88,10,0,1,1,0,1),(769,'Зара',89,1,0,9,1,0,0),(770,'Заяц',89,2,0,0,0,0,3),(771,'Fox',89,3,3,8,0,0,0),(772,'Амахонда',89,4,1,3,1,0,2),(773,'Цапля',89,5,2,0,7,0,3),(774,'Хирург',89,6,0,1,1,0,0),(775,'Космос',89,7,0,4,0,0,3),(776,'Vilka',89,8,0,2,0,0,2),(777,'Дракон',89,9,2,7,0,0,0),(778,'Blink',89,10,0,10,0,0,1),(779,'Термит',90,1,0,0,0,0,1),(780,'Амахонда',90,2,2,0,4,0,0),(781,'Дракон',90,3,0,0,0,0,2),(782,'Инквизитор',90,4,0,8,0,0,0),(783,'Звездочка',90,5,0,2,0,0,1),(784,'Заяц',90,6,1,1,0,0,0),(785,'Blink',90,7,0,7,0,0,1),(786,'Fox',90,8,0,0,0,0,0),(787,'Хирург',90,9,2,0,3,0,1),(788,'Ниф',90,10,3,0,3,0,2),(789,'Ниф',91,1,2,8,4,0,3),(790,'Космос',91,2,0,0,1,0,2),(791,'Инквизитор',91,3,0,1,0,0,0),(792,'Хирург',91,4,2,9,1,0,1),(793,'Vilka',91,5,1,9,1,0,2),(794,'Цапля',91,6,0,3,0,0,2),(795,'Термит',91,7,0,10,0,0,3),(796,'Микки',91,8,3,0,1,0,1),(797,'Борман',91,9,0,7,0,0,2),(798,'Зара',91,10,0,4,0,0,1),(799,'Эльза',92,1,2,11,5,0,2),(800,'Vincent',92,2,0,3,0,0,1),(801,'Борман',92,3,3,8,0,0,0),(802,'Заяц',92,4,1,2,0,0,2),(803,'Fox',92,5,0,1,0,0,0),(804,'Паника',92,6,0,0,0,0,3),(805,'Kurt',92,7,2,7,0,0,2),(806,'Звездочка',92,8,0,0,3,0,1),(807,'Игрок',92,9,0,5,2,0,3),(808,'Стриптизер',92,10,0,9,0,0,2),(809,'Francesco',93,1,0,0,3,1,3),(810,'Стриптизер',93,2,3,9,0,0,1),(811,'Эльза',93,3,0,3,0,0,0),(812,'Ниф',93,4,0,1,0,0,2),(813,'CAPS',93,5,0,7,0,0,2),(814,'Vincent',93,6,2,8,0,0,2),(815,'Vilka',93,7,0,9,0,0,2),(816,'Дракон',93,8,2,11,0,0,1),(817,'Звездочка',93,9,1,0,7,0,2),(818,'Fox',93,10,0,5,0,0,0),(819,'Francesco',94,1,2,7,0,0,0),(820,'Ниф',94,2,1,9,1,0,2),(821,'Fox',94,3,0,8,0,0,0),(822,'Тор',94,4,0,0,1,0,1),(823,'Звездочка',94,5,0,2,0,0,2),(824,'Эльза',94,6,3,0,1,0,3),(825,'Стриптизер',94,7,0,1,0,0,0),(826,'Дракон',94,8,0,0,0,0,0),(827,'Vincent',94,9,2,0,1,0,3),(828,'Мертвячок',94,10,0,3,3,0,3),(829,'Faust',95,1,2,9,1,0,2),(830,'CAPS',95,2,0,7,0,0,0),(831,'Флоркинс',95,3,3,10,0,0,0),(832,'Vilka',95,4,0,0,6,0,2),(833,'Фетиш',95,5,0,0,0,0,1),(834,'Vincent',95,6,2,8,0,0,1),(835,'Fox',95,7,0,1,0,0,0),(836,'Morley',95,8,0,2,0,0,1),(837,'Заяц',95,9,0,9,0,0,2),(838,'Ниф',95,10,1,4,3,0,1),(839,'Стриптизер',96,1,1,2,0,0,2),(840,'Эльза',96,2,2,7,3,0,4),(841,'Тор',96,3,3,8,0,0,2),(842,'Fox',96,4,0,0,0,0,0),(843,'Faust',96,5,0,4,0,0,2),(844,'Vincent',96,6,0,1,0,0,1),(845,'CAPS',96,7,2,0,2,0,2),(846,'Фетиш',96,8,0,3,4,0,1),(847,'Юрист',96,9,0,7,0,0,0),(848,'Сова',96,10,0,10,0,0,0),(849,'Эльза',97,1,0,8,0,0,2),(850,'Дракон',97,2,0,3,0,0,1),(851,'Faust',97,3,0,7,2,0,2),(852,'Ниф',97,4,0,0,1,0,0),(853,'Звездочка',97,5,2,0,3,0,3),(854,'Стриптизер',97,6,2,0,1,0,1),(855,'Francesco',97,7,1,0,1,0,2),(856,'Заяц',97,8,0,0,0,0,1),(857,'Тор',97,9,0,1,0,0,0),(858,'Vilka',97,10,3,0,2,0,1),(859,'Ниф',98,1,3,8,7,0,3),(860,'Proud Deer',98,2,0,2,0,0,2),(861,'Ария',98,3,1,3,1,0,1),(862,'Какую Хочешь',98,4,2,9,0,0,0),(863,'Борман',98,5,0,0,1,0,1),(864,'Дракон',98,6,2,9,0,0,0),(865,'Бета',98,7,0,0,0,0,1),(866,'Fox',98,8,0,0,0,0,1),(867,'Vincent',98,9,0,1,1,0,1),(868,'Инквизитор',98,10,0,7,0,0,2),(869,'Lens',99,1,2,0,2,0,2),(870,'Амахонда',99,2,1,1,2,0,1),(871,'Ария',99,3,0,7,0,0,1),(872,'Proud Deer',99,4,0,3,1,0,2),(873,'Цапля',99,5,3,8,0,0,2),(874,'Ульфрик',99,6,0,10,0,0,2),(875,'Айсберг',99,7,2,9,0,0,1),(876,'Заяц',99,8,0,0,1,0,2),(877,'Борман',99,9,0,2,1,0,0),(878,'Пушкин',99,10,0,0,0,0,2),(879,'Панда',100,1,0,4,0,0,1),(880,'Цапля',100,2,2,10,0,0,2),(881,'Proud Deer',100,3,0,0,4,1,2),(882,'Vincent',100,4,0,9,0,0,3),(883,'Ниф',100,5,3,7,0,0,2),(884,'ПП',100,6,1,2,1,0,2),(885,'Фетиш',100,7,0,1,2,0,0),(886,'Космос',100,8,2,8,1,0,1),(887,'Айдахо',100,9,0,0,0,0,1),(888,'Амахонда',100,10,0,3,2,0,3),(889,'R2D2',101,1,2,0,1,0,3),(890,'Космос',101,2,0,3,2,0,1),(891,'Proud Deer',101,3,2,8,0,0,2),(892,'Ниф',101,4,1,1,0,0,0),(893,'Сутенерша',101,5,0,0,4,0,0),(894,'Ария',101,6,0,7,0,0,0),(895,'Звездочка',101,7,3,9,0,0,2),(896,'Борман',101,8,0,0,1,0,2),(897,'ПП',101,9,0,0,1,0,2),(898,'Амахонда',101,10,0,2,1,0,2),(899,'Мертвячок',102,1,0,0,2,0,3),(900,'Vincent',102,2,0,1,1,0,1),(901,'ПП',102,3,0,2,0,0,3),(902,'Ниф',102,4,1,3,1,0,2),(903,'Амахонда',102,5,2,9,2,0,3),(904,'Звездочка',102,6,0,0,2,0,2),(905,'Капитан Морган',102,7,3,7,0,0,1),(906,'Фетиш',102,8,0,0,1,0,0),(907,'Лунатик',102,9,2,8,0,0,0),(908,'Космос',102,10,0,0,1,0,3),(909,'Ария',103,1,0,3,0,0,1),(910,'Уайт',103,2,2,0,4,0,2),(911,'Капитан Морган',103,3,0,0,0,0,2),(912,'R2D2',103,4,0,1,0,0,0),(913,'Борман',103,5,1,9,0,0,2),(914,'Космос',103,6,3,0,2,0,1),(915,'Грей',103,7,0,2,1,0,0),(916,'Звездочка',103,8,0,8,1,0,2),(917,'Аббревиатура',103,9,2,7,1,0,0),(918,'Ниф',103,10,0,0,1,0,1),(919,'Arch Enemy',104,1,0,3,0,0,0),(920,'Капитан Морган',104,2,0,0,0,0,2),(921,'Панда',104,3,0,1,0,0,1),(922,'Звездочка',104,4,2,0,6,0,2),(923,'R2D2',104,5,1,8,0,0,2),(924,'Ниф',104,6,3,0,4,0,1),(925,'Vincent',104,7,0,0,0,0,1),(926,'Борман',104,8,2,0,0,0,0),(927,'Артист',104,9,0,0,0,0,2),(928,'ПП',104,10,0,7,0,0,1),(929,'Борман',105,1,0,1,0,0,0),(930,'Сутенерша',105,2,0,4,0,0,1),(931,'Цапля',105,3,2,8,0,0,2),(932,'Ария',105,4,3,9,0,0,1),(933,'Айсберг',105,5,0,7,0,0,2),(934,'Айдахо',105,6,0,0,1,0,1),(935,'Амахонда',105,7,0,2,2,1,2),(936,'Уайт',105,8,2,10,0,0,2),(937,'Фетиш',105,9,1,0,5,0,0),(938,'Proud Deer',105,10,0,3,2,0,2),(939,'Айдахо',106,1,1,0,2,0,1),(940,'Arch Enemy',106,2,3,9,0,0,0),(941,'Proud Deer',106,3,0,0,0,0,3),(942,'Айсберг',106,4,2,10,0,0,0),(943,'Vincent',106,5,2,8,1,0,2),(944,'Лунатик',106,6,0,0,0,0,0),(945,'Цапля',106,7,0,7,0,0,3),(946,'Сутенерша',106,8,0,1,0,0,1),(947,'Панда',106,9,0,0,4,0,2),(948,'Амахонда',106,10,0,4,3,0,1),(949,'Фетиш',107,1,0,9,0,0,1),(950,'Vincent',107,2,2,0,1,0,1),(951,'Spielberg',107,3,0,0,0,0,2),(952,'Зара',107,4,0,9,0,0,1),(953,'Борман',107,5,0,1,0,0,0),(954,'Бета',107,6,1,2,0,0,1),(955,'R2D2',107,7,0,0,4,0,0),(956,'Амахонда',107,8,0,7,0,0,0),(957,'Цапля',107,9,2,8,2,0,1),(958,'Мака',107,10,3,0,3,0,0),(959,'Мака',108,1,2,0,7,0,0),(960,'Капитан Морган',108,2,0,0,0,0,3),(961,'Уайт',108,3,0,8,1,0,1),(962,'Ария',108,4,0,7,0,0,3),(963,'Лунатик',108,5,0,0,0,0,0),(964,'Сутенерша',108,6,2,0,1,0,0),(965,'Arch Enemy',108,7,3,0,1,0,0),(966,'Борман',108,8,1,2,0,0,1),(967,'Айсберг',108,9,0,0,0,0,1),(968,'R2D2',108,10,0,1,0,0,1),(969,'Амахонда',109,1,0,0,2,0,2),(970,'Цапля',109,2,0,0,0,0,3),(971,'Vincent',109,3,2,9,1,0,1),(972,'ПП',109,4,2,7,0,0,2),(973,'Spielberg',109,5,0,0,0,0,2),(974,'Мака',109,6,0,4,0,0,0),(975,'Зара',109,7,3,10,2,0,2),(976,'Борман',109,8,0,2,0,0,1),(977,'Ниф',109,9,1,1,4,0,2),(978,'R2D2',109,10,0,8,0,0,2),(979,'R2D2',110,1,0,2,0,0,1),(980,'Цапля',110,2,0,1,0,0,1),(981,'Фетиш',110,3,0,0,1,0,0),(982,'Vincent',110,4,0,3,6,0,2),(983,'Ниф',110,5,2,8,0,0,0),(984,'Дровосек',110,6,2,7,0,0,0),(985,'Бета',110,7,0,0,0,0,2),(986,'Павлин',110,8,0,0,0,0,1),(987,'Зара',110,9,1,0,3,0,1),(988,'Мака',110,10,3,9,0,0,1),(989,'ПП',111,1,0,2,1,0,1),(990,'Капитан Морган',111,2,1,1,1,0,2),(991,'Звездочка',111,3,0,0,1,0,0),(992,'Космос',111,4,0,0,1,0,3),(993,'Vincent',111,5,2,0,1,0,1),(994,'Фетиш',111,6,0,8,1,0,2),(995,'Мертвячок',111,7,0,0,1,0,3),(996,'Ниф',111,8,2,0,1,0,1),(997,'Vilka',111,9,0,7,1,0,3),(998,'Амахонда',111,10,3,0,1,0,2),(999,'Batler',112,1,0,8,0,0,2),(1000,'Fox',112,2,2,10,2,0,0),(1001,'R2D2',112,3,0,3,3,0,3),(1002,'Сигрун',112,4,0,7,1,0,1),(1003,'Ник',112,5,2,7,0,0,3),(1004,'Цапля',112,6,0,2,0,0,2),(1005,'Blink',112,7,3,1,0,0,1),(1006,'Амахонда',112,8,1,0,2,0,2),(1007,'Борман',112,9,0,0,1,0,1),(1008,'Ten',112,10,0,9,0,0,2),(1009,'Павлин',113,1,0,0,1,0,0),(1010,'Дровосек',113,2,0,0,0,0,0),(1011,'Ten',113,3,2,0,3,0,0),(1012,'Blink',113,4,0,7,0,0,2),(1013,'Бета',113,5,0,1,0,0,0),(1014,'Сигрун',113,6,0,0,1,0,1),(1015,'Ник',113,7,1,8,0,0,2),(1016,'Ниф',113,8,0,2,1,0,1),(1017,'Звездочка',113,9,2,0,3,0,3),(1018,'Fox',113,10,3,0,0,0,0),(1019,'Мака',114,1,1,1,0,0,0),(1020,'Амахонда',114,2,2,7,0,0,2),(1021,'Blink',114,3,0,2,1,0,2),(1022,'Фетиш',114,4,0,4,0,1,2),(1023,'Vincent',114,5,0,3,0,0,2),(1024,'Spielberg',114,6,0,8,0,0,3),(1025,'Зара',114,7,2,9,0,0,1),(1026,'Борман',114,8,3,4,0,0,1),(1027,'Ниф',114,9,0,0,4,0,1),(1028,'Сигрун',114,10,0,0,5,0,1),(1029,'Ник',115,1,0,1,0,0,0),(1030,'Фетиш',115,2,0,0,3,0,0),(1031,'Ниф',115,3,3,8,0,0,3),(1032,'Мака',115,4,0,3,0,0,0),(1033,'Spielberg',115,5,0,0,0,0,3),(1034,'Vincent',115,6,0,0,0,0,1),(1035,'Павлин',115,7,0,7,0,0,1),(1036,'Batler',115,8,2,10,3,0,2),(1037,'Борман',115,9,1,4,3,0,1),(1038,'Зара',115,10,2,9,0,0,0),(1039,'Борман',116,1,2,8,1,0,0),(1040,'Fox',116,2,0,3,1,0,0),(1041,'Фетиш',116,3,0,8,1,0,1),(1042,'Jane',116,4,0,1,1,0,0),(1043,'Ниф',116,5,2,7,1,0,4),(1044,'Командор',116,6,0,0,1,0,1),(1045,'Стриптизер',116,7,1,0,1,0,1),(1046,'Клич',116,8,0,2,1,0,0),(1047,'Артист',116,9,3,9,1,0,1),(1048,'Амахонда',116,10,0,7,1,0,1),(1049,'Jane',117,1,0,2,1,0,1),(1050,'Князь',117,2,0,7,1,0,3),(1051,'Артист',117,3,0,1,1,0,2),(1052,'Fox',117,4,3,0,1,0,0),(1053,'Ниф',117,5,1,8,1,0,3),(1054,'Айсберг',117,6,0,0,1,0,0),(1055,'Роммель',117,7,2,0,1,0,0),(1056,'Командор',117,8,0,0,1,0,3),(1057,'Амахонда',117,9,2,0,1,0,2),(1058,'Vilka',117,10,0,0,1,0,2),(1059,'Ниф',118,1,0,3,1,0,3),(1060,'Дания',118,2,3,7,1,0,1),(1061,'Капитан Морган',118,3,1,2,1,0,3),(1062,'Князь',118,4,0,1,1,0,1),(1063,'Артист',118,5,0,10,1,0,3),(1064,'Jane',118,6,2,0,1,0,2),(1065,'Fox',118,7,2,9,1,0,0),(1066,'Роммель',118,8,0,0,1,0,1),(1067,'Vincent',118,9,0,8,1,0,2),(1068,'Амахонда',118,10,0,4,1,0,2),(1069,'Jane',119,1,0,3,2,1,2),(1070,'Цапля',119,2,2,9,0,0,2),(1071,'Борман',119,3,0,0,0,0,0),(1072,'Ниф',119,4,0,9,1,0,3),(1073,'Vilka',119,5,2,7,3,0,2),(1074,'Fox',119,6,0,0,1,0,1),(1075,'Лилия',119,7,0,2,0,0,0),(1076,'Капитан Морган',119,8,1,0,0,0,1),(1077,'Амахонда',119,9,3,8,1,0,1),(1078,'Vincent',119,10,0,0,2,0,2),(1079,'Faust',120,1,2,0,0,0,1),(1080,'Артист',120,2,0,3,1,0,3),(1081,'Термит',120,3,0,0,1,0,2),(1082,'Клич',120,4,0,0,0,0,1),(1083,'Стриптизер',120,5,0,1,1,0,0),(1084,'Айсберг',120,6,1,0,0,0,2),(1085,'Микки',120,7,0,7,0,0,2),(1086,'Командор',120,8,2,0,5,0,3),(1087,'Эльза',120,9,3,0,1,0,1),(1088,'Игрок',120,10,0,8,0,0,2),(1089,'Айсберг',121,1,1,9,0,0,1),(1090,'Клич',121,2,0,8,0,0,0),(1091,'Jane',121,3,0,2,0,0,0),(1092,'Борман',121,4,2,7,0,0,0),(1093,'Командор',121,5,0,0,0,0,3),(1094,'Артист',121,6,0,0,0,0,3),(1095,'Лилия',121,7,3,0,8,0,2),(1096,'Стриптизер',121,8,2,0,1,0,0),(1097,'Цапля',121,9,0,3,0,0,1),(1098,'Ниф',121,10,0,1,0,0,2),(1099,'Лилия',122,1,0,7,0,0,2),(1100,'Эльза',122,2,2,9,0,0,4),(1101,'Командор',122,3,0,0,2,0,1),(1102,'Бабай',122,4,0,0,0,0,1),(1103,'Клич',122,5,0,0,1,0,2),(1104,'Паника (ББ)',122,6,3,9,0,0,2),(1105,'Термит',122,7,0,0,5,0,2),(1106,'Игрок',122,8,2,8,0,0,2),(1107,'Blink',122,9,1,0,2,0,2),(1108,'Артист',122,10,0,1,0,0,1),(1109,'Фетиш',123,1,0,1,0,0,0),(1110,'Клич',123,2,2,10,0,0,0),(1111,'Термит',123,3,0,0,3,0,2),(1112,'Микки',123,4,0,3,1,0,3),(1113,'Капитан Морган',123,5,0,9,0,0,2),(1114,'Командор',123,6,0,4,0,0,3),(1115,'Айсберг',123,7,2,8,0,0,0),(1116,'Игрок',123,8,1,2,4,0,0),(1117,'Стриптизер',123,9,0,0,2,1,1),(1118,'Эльза',123,10,3,7,0,0,1),(1119,'Blink',124,1,0,0,1,0,1),(1120,'Vincent',124,2,0,0,1,0,2),(1121,'Цапля',124,3,0,0,1,0,1),(1122,'Эльза',124,4,0,0,1,0,0),(1123,'Jane',124,5,2,0,1,0,0),(1124,'Амахонда',124,6,0,6,1,0,4),(1125,'Роммель',124,7,1,6,1,0,0),(1126,'Капитан Морган',124,8,2,0,1,0,1),(1127,'Паника (ББ)',124,9,0,0,1,0,0),(1128,'Игрок',124,10,3,0,1,0,0),(1129,'Лилия',125,1,0,0,5,0,2),(1130,'Артист',125,2,0,1,0,0,1),(1131,'Бабай',125,3,0,0,0,0,0),(1132,'Эльза',125,4,1,0,4,0,1),(1133,'Blink',125,5,0,0,0,0,2),(1134,'Игрок',125,6,3,8,0,0,1),(1135,'Vincent',125,7,2,8,0,0,4),(1136,'Капитан Морган',125,8,0,2,1,0,1),(1137,'Дания',125,9,2,7,0,0,0),(1138,'Паника (ББ)',125,10,0,0,0,0,2),(1139,'Лилия',126,1,0,2,1,0,0),(1140,'Капитан Морган',126,2,3,8,1,0,4),(1141,'Цапля',126,3,0,0,1,0,2),(1142,'Клич',126,4,0,0,1,0,2),(1143,'Фетиш',126,5,0,0,1,0,0),(1144,'Стриптизер',126,6,1,0,1,0,1),(1145,'Борман',126,7,0,0,1,0,2),(1146,'Дания',126,8,2,7,1,0,0),(1147,'Паника (ББ)',126,9,2,8,1,0,3),(1148,'Ниф',126,10,0,1,1,0,2),(1149,'Vilka',127,1,0,0,0,0,3),(1150,'Ниф',127,2,0,3,3,0,1),(1151,'Артист',127,3,2,0,4,0,3),(1152,'Амахонда',127,4,0,10,0,0,0),(1153,'Капитан Морган',127,5,0,1,0,0,1),(1154,'Fox',127,6,2,7,0,0,0),(1155,'Vincent',127,7,1,9,0,0,2),(1156,'Борман',127,8,0,0,0,0,0),(1157,'Цапля',127,9,0,4,0,0,2),(1158,'Jane',127,10,3,0,2,0,3),(1159,'Vilka',128,1,2,0,0,0,2),(1160,'Фетиш',128,2,3,0,0,0,1),(1161,'Паника (ББ)',128,3,0,2,0,0,1),(1162,'Vincent',128,4,1,0,0,0,2),(1163,'Эльза',128,5,0,1,0,0,0),(1164,'Blink',128,6,0,7,0,0,1),(1165,'Амахонда',128,7,2,0,10,0,0),(1166,'Стриптизер',128,8,0,0,0,0,1),(1167,'Цапля',128,9,0,0,0,0,0),(1168,'Артист',128,10,0,8,0,0,1),(1169,'Лилия',129,1,0,0,6,0,1),(1170,'Ниф',129,2,1,1,1,0,2),(1171,'Эльза',129,3,0,0,0,0,2),(1172,'Борман',129,4,2,8,0,0,1),(1173,'Паника (ББ)',129,5,0,0,1,0,1),(1174,'Артист',129,6,0,0,0,0,3),(1175,'Роммель',129,7,0,0,0,0,1),(1176,'Командор',129,8,0,0,1,0,3),(1177,'Игрок',129,9,2,8,0,0,4),(1178,'Fox',129,10,3,7,0,0,0),(1179,'Дракон',130,1,1,2,0,0,2),(1180,'Бета',130,2,0,0,0,0,0),(1181,'Эльза',130,3,0,0,1,0,2),(1182,'Игрок',130,4,0,1,0,0,1),(1183,'Fox',130,5,3,8,0,0,1),(1184,'Айдахо',130,6,0,0,0,0,0),(1185,'Стриптизер',130,7,2,9,1,0,1),(1186,'Артист',130,8,2,7,0,0,1),(1187,'Francesco',130,9,0,0,3,1,2),(1188,'Лилия',130,10,0,3,5,0,1),(1189,'Vilka',131,1,0,0,0,0,1),(1190,'Голубок',131,2,0,1,0,0,2),(1191,'Ронни',131,3,0,7,0,0,1),(1192,'Vincent',131,4,0,2,0,0,1),(1193,'Амахонда',131,5,2,0,3,0,0),(1194,'Jane',131,6,0,0,0,0,3),(1195,'Артист',131,7,3,0,5,0,3),(1196,'Князь',131,8,2,0,2,0,3),(1197,'Рамино',131,9,1,8,0,0,1),(1198,'Fox',131,10,0,0,0,0,0),(1199,'Spielberg',132,1,3,0,1,0,1),(1200,'Бета',132,2,1,3,0,0,2),(1201,'Игрок',132,3,0,1,0,0,0),(1202,'Звездочка',132,4,0,2,0,0,2),(1203,'Артист',132,5,0,5,0,0,2),(1204,'Эльза',132,6,0,10,0,0,0),(1205,'Vincent',132,7,0,0,2,0,1),(1206,'Амахонда',132,8,2,7,0,0,3),(1207,'Лилия',132,9,0,4,5,0,2),(1208,'Командор',132,10,2,8,1,0,3),(1209,'Игрок',133,1,2,8,0,0,0),(1210,'Командор',133,2,0,0,1,0,3),(1211,'Fox',133,3,1,2,1,0,0),(1212,'Звездочка',133,4,0,3,8,0,3),(1213,'Паника',133,5,2,7,0,0,1),(1214,'Мака',133,6,0,9,0,0,1),(1215,'Эльза',133,7,0,0,0,0,1),(1216,'Kurt',133,8,0,0,0,0,2),(1217,'Голубок',133,9,3,4,0,0,3),(1218,'Амахонда',133,10,0,1,0,0,0),(1219,'Бренди',134,1,0,0,1,0,1),(1220,'Vincent',134,2,0,0,1,0,1),(1221,'Банан',134,3,0,1,1,0,2),(1222,'Мертвячок',134,4,2,8,1,0,3),(1223,'Артист',134,5,2,8,1,0,3),(1224,'Амахонда',134,6,0,2,1,0,2),(1225,'Дракон',134,7,1,0,1,0,0),(1226,'Fox',134,8,0,0,1,0,0),(1227,'Елка',134,9,3,7,1,0,0),(1228,'Лилия',134,10,0,0,1,0,2),(1229,'Бренди',135,1,0,1,0,0,1),(1230,'Vincent',135,2,3,7,0,0,1),(1231,'Заяц',135,3,1,2,0,0,0),(1232,'Банан',135,4,0,3,2,0,2),(1233,'Артист',135,5,2,8,0,0,2),(1234,'Елка',135,6,2,9,0,0,0),(1235,'Дракон',135,7,0,0,1,0,0),(1236,'Fox',135,8,0,0,0,0,1),(1237,'Амахонда',135,9,0,0,1,0,2),(1238,'Зара',135,10,0,0,4,0,1),(1239,'Амахонда',136,1,1,2,0,0,0),(1240,'Зара',136,2,0,3,0,0,0),(1241,'Ниф',136,3,0,0,1,0,3),(1242,'Vincent',136,4,2,8,0,0,0),(1243,'Эльза',136,5,0,0,0,0,1),(1244,'Kurt',136,6,0,9,1,0,3),(1245,'Дракон',136,7,0,1,1,0,0),(1246,'Артист',136,8,0,4,0,0,3),(1247,'Jane',136,9,2,7,0,0,2),(1248,'Банан',136,10,3,10,7,0,2),(1249,'Эльза',137,1,0,2,0,0,0),(1250,'Дракон',137,2,3,9,0,0,0),(1251,'Бренди',137,3,2,8,0,0,3),(1252,'Елка',137,4,2,10,1,0,3),(1253,'Зара',137,5,0,0,0,0,2),(1254,'Банан',137,6,1,3,1,0,3),(1255,'Гуффи',137,7,0,1,2,0,1),(1256,'Мака',137,8,0,0,0,0,0),(1257,'Заяц',137,9,0,7,0,0,0),(1258,'Командор',137,10,0,4,6,0,2),(1259,'Игрок',138,1,0,0,2,0,2),(1260,'Звездочка',138,2,3,9,2,0,1),(1261,'Амахонда',138,3,1,1,0,0,0),(1262,'Артист',138,4,0,7,1,0,1),(1263,'Ниф',138,5,0,2,0,0,0),(1264,'Jane',138,6,2,11,0,0,1),(1265,'Kurt',138,7,0,3,0,0,2),(1266,'Fox',138,8,0,5,0,0,0),(1267,'Francesco',138,9,2,8,1,0,3),(1268,'Лилия',138,10,0,0,4,0,2),(1269,'Игрок',139,1,2,6,1,0,0),(1270,'Звездочка',139,2,0,0,1,0,0),(1271,'Амахонда',139,3,2,6,1,0,0),(1272,'Артист',139,4,0,0,1,0,0),(1273,'Ниф',139,5,0,0,1,0,0),(1274,'Jane',139,6,0,0,1,0,0),(1275,'Kurt',139,7,0,0,1,0,0),(1276,'Fox',139,8,3,6,1,0,0),(1277,'Francesco',139,9,1,0,1,0,0),(1278,'Лилия',139,10,0,0,1,0,0),(1279,'Дракон',140,1,0,8,0,0,0),(1280,'ПП',140,2,0,7,0,0,2),(1281,'Артист',140,3,0,0,0,0,3),(1282,'Ниф',140,4,0,2,1,0,1),(1283,'Бренди',140,5,0,0,0,0,1),(1284,'Окси',140,6,3,0,1,0,3),(1285,'Жеглов',140,7,0,0,2,0,2),(1286,'Елка',140,8,2,0,3,0,1),(1287,'Банан',140,9,1,1,1,0,1),(1288,'Jane',140,10,2,0,1,0,0),(1289,'Командор',141,1,0,1,1,0,1),(1290,'Окси',141,2,3,0,1,0,2),(1291,'Жеглов',141,3,2,0,5,0,3),(1292,'Ниф',141,4,0,3,0,0,3),(1293,'Эльза',141,5,0,0,2,0,1),(1294,'Игрок',141,6,1,8,1,0,1),(1295,'Звездочка',141,7,0,0,0,0,2),(1296,'Kurt',141,8,0,0,0,0,1),(1297,'ПП',141,9,0,7,0,0,1),(1298,'Банан',141,10,2,0,0,0,3),(1299,'Ниф',142,1,2,6,0,0,3),(1300,'Francesco',142,2,1,7,2,0,1),(1301,'Snoopy',142,3,0,0,1,0,2),(1302,'Дракон',142,4,0,0,0,0,0),(1303,'Зара',142,5,0,0,3,0,3),(1304,'Fox',142,6,3,1,0,0,0),(1305,'Заяц',142,7,2,7,0,0,1),(1306,'Стриптизер',142,8,0,0,0,0,0),(1307,'Панда',142,9,0,0,1,0,2),(1308,'Айдахо',142,10,0,0,3,0,1),(1309,'Vincent',143,1,0,10,1,0,2),(1310,'Паника',143,2,0,2,0,0,2),(1311,'Kurt',143,3,0,3,0,0,2),(1312,'Мака',143,4,0,0,0,0,2),(1313,'Артист',143,5,0,4,1,0,2),(1314,'Fox',143,6,3,8,0,0,0),(1315,'Зара',143,7,0,9,0,0,2),(1316,'Командор',143,8,2,7,0,0,1),(1317,'Jane',143,9,1,1,0,0,0),(1318,'Космос',143,10,2,0,5,0,1),(1319,'Амахонда',144,1,0,10,0,0,2),(1320,'Командор',144,2,0,0,0,0,2),(1321,'Хирург',144,3,2,7,0,0,1),(1322,'Vilka',144,4,0,8,0,0,3),(1323,'Зара',144,5,0,3,0,0,0),(1324,'Jane',144,6,0,4,0,0,0),(1325,'Космос',144,7,2,0,1,0,2),(1326,'Ниф',144,8,1,9,1,0,3),(1327,'Kurt',144,9,3,9,8,0,2),(1328,'Паника',144,10,0,1,0,0,1),(1329,'Fox',145,1,2,9,0,0,0),(1330,'Заяц',145,2,0,2,0,0,0),(1331,'Стриптизер',145,3,3,8,0,0,2),(1332,'Сова',145,4,0,4,1,0,0),(1333,'Бета',145,5,2,10,1,0,2),(1334,'Дракон',145,6,0,0,3,0,1),(1335,'Айдахо',145,7,0,0,1,0,0),(1336,'Spielberg',145,8,0,7,0,0,3),(1337,'Francesco',145,9,1,3,3,0,2),(1338,'XXX',145,10,0,1,0,0,0),(1339,'Spielberg',146,1,0,0,0,0,2),(1340,'Зара',146,2,0,2,0,0,2),(1341,'Амахонда',146,3,0,0,0,0,3),(1342,'Snoopy',146,4,0,9,1,0,3),(1343,'Ниф',146,5,3,7,3,0,3),(1344,'Голубок',146,6,0,8,0,0,3),(1345,'Vincent',146,7,2,0,3,0,2),(1346,'Командор',146,8,1,1,0,0,2),(1347,'Панда',146,9,0,9,0,0,3),(1348,'Звездочка',146,10,2,0,3,0,2),(1349,'Артист',147,1,3,4,0,0,2),(1350,'Мертвячок',147,2,0,1,0,0,2),(1351,'Хирург',147,3,0,8,1,0,1),(1352,'Космос',147,4,2,7,0,0,1),(1353,'Fox',147,5,0,0,2,0,0),(1354,'Blink',147,6,0,3,0,0,2),(1355,'Амахонда',147,7,2,9,0,0,3),(1356,'Jane',147,8,0,2,0,0,1),(1357,'Ниф',147,9,0,0,5,0,3),(1358,'Мака',147,10,1,0,2,0,3),(1359,'Космос',148,1,0,1,0,0,0),(1360,'Ниф',148,2,0,0,1,0,3),(1361,'Командор',148,3,0,0,0,0,1),(1362,'Артист',148,4,3,8,0,0,3),(1363,'Vincent',148,5,0,4,0,0,3),(1364,'Амахонда',148,6,1,3,1,0,3),(1365,'Мака',148,7,2,7,0,0,0),(1366,'Jane',148,8,2,10,2,0,2),(1367,'Зара',148,9,0,0,2,0,0),(1368,'Vilka',148,10,0,0,0,0,1),(1369,'Амахонда',149,1,0,0,0,0,3),(1370,'Командор',149,2,3,11,5,0,2),(1371,'Хирург',149,3,0,10,0,0,2),(1372,'Звездочка',149,4,0,1,0,0,0),(1373,'Айдахо',149,5,0,5,0,0,1),(1374,'Свердлова',149,6,2,7,0,0,0),(1375,'Паника',149,7,0,0,2,0,2),(1376,'Fox',149,8,1,8,1,0,0),(1377,'Зара',149,9,2,8,0,0,0),(1378,'Kurt',149,10,0,3,1,0,2),(1379,'Vilka',150,1,0,7,0,0,1),(1380,'Blink',150,2,2,0,0,0,0),(1381,'Хирург',150,3,1,8,0,0,1),(1382,'Звездочка',150,4,0,2,0,0,2),(1383,'Мака',150,5,3,1,0,0,0),(1384,'Командор',150,6,0,0,2,0,1),(1385,'Артист',150,7,0,0,0,0,3),(1386,'Kurt',150,8,0,0,2,0,3),(1387,'Космос',150,9,0,0,5,0,3),(1388,'Vincent',150,10,2,0,1,0,1),(1389,'Командор',151,1,0,5,0,0,3),(1390,'Kurt',151,2,0,9,0,0,3),(1391,'Свердлова',151,3,0,2,0,0,0),(1392,'Звездочка',151,4,0,0,0,0,2),(1393,'Vilka',151,5,2,7,0,0,2),(1394,'Амахонда',151,6,3,0,7,0,0),(1395,'Паника',151,7,1,1,1,0,1),(1396,'Vincent',151,8,0,3,2,0,2),(1397,'Blink',151,9,0,10,0,0,3),(1398,'Зара',151,10,2,8,0,0,1),(1399,'Kurt',152,1,0,2,5,0,2),(1400,'Vincent',152,2,0,0,2,0,1),(1401,'Командор',152,3,2,8,0,0,1),(1402,'Fox',152,4,1,1,0,0,0),(1403,'Космос',152,5,0,0,1,0,1),(1404,'Амахонда',152,6,0,0,2,0,2),(1405,'Spielberg',152,7,3,7,0,0,2),(1406,'Звездочка',152,8,2,9,0,0,2),(1407,'Артист',152,9,0,0,0,0,2),(1408,'Blink',152,10,0,0,0,0,2),(1409,'Вася',153,1,0,7,0,0,1),(1410,'Ниф',153,2,0,8,2,0,2),(1411,'Vincent',153,3,1,3,0,0,1),(1412,'Vilka',153,4,3,0,0,0,3),(1413,'Jane',153,5,2,0,4,0,3),(1414,'Джек-Пот',153,6,0,0,0,0,0),(1415,'Космос',153,7,0,0,0,0,3),(1416,'Командор',153,8,0,1,0,0,1),(1417,'Мерлин',153,9,0,0,0,0,2),(1418,'Звездочка',153,10,2,0,3,1,1),(1419,'Хирург',154,1,0,3,0,0,2),(1420,'Faust',154,2,1,2,0,0,2),(1421,'Турист',154,3,2,7,0,0,0),(1422,'Fox',154,4,0,1,0,0,1),(1423,'R2D2',154,5,0,5,0,0,2),(1424,'Андріолло',154,6,0,9,0,0,3),(1425,'Вася',154,7,2,0,10,0,1),(1426,'Vincent',154,8,0,0,0,0,2),(1427,'Командор',154,9,0,4,0,0,3),(1428,'Звездочка',154,10,3,8,0,0,2),(1429,'Вася',155,1,3,8,1,0,0),(1430,'Fox',155,2,1,3,1,0,1),(1431,'Questra',155,3,0,0,1,0,0),(1432,'Андріолло',155,4,0,0,1,0,2),(1433,'ПП',155,5,0,0,1,0,1),(1434,'Хирург',155,6,0,0,1,0,0),(1435,'Vincent',155,7,0,2,1,0,2),(1436,'Командор',155,8,0,1,1,0,0),(1437,'Дракон',155,9,2,9,1,0,0),(1438,'Заяц',155,10,2,7,1,0,1),(1439,'Турист',156,1,3,8,1,0,4),(1440,'Джек-Пот',156,2,0,0,1,0,0),(1441,'Jane',156,3,2,8,0,0,3),(1442,'Vilka',156,4,2,0,4,0,3),(1443,'Заяц',156,5,1,1,0,0,0),(1444,'Хирург',156,6,0,7,0,0,0),(1445,'Мерлин',156,7,0,9,0,0,4),(1446,'Ниф',156,8,0,0,1,0,2),(1447,'Звездочка',156,9,0,3,1,0,1),(1448,'Фантом',156,10,0,2,0,0,0),(1449,'Командор',157,1,0,0,2,0,2),(1450,'Vincent',157,2,0,9,2,0,4),(1451,'Ниф',157,3,0,1,2,0,0),(1452,'Звездочка',157,4,3,10,1,0,2),(1453,'Андріолло',157,5,0,2,0,0,0),(1454,'Jane',157,6,2,8,1,0,3),(1455,'Fox',157,7,1,9,0,0,2),(1456,'Вася',157,8,0,0,0,1,0),(1457,'Фантом',157,9,0,4,0,0,0),(1458,'R2D2',157,10,2,7,0,0,0),(1459,'Андріолло',158,1,0,1,0,0,0),(1460,'Джек-Пот',158,2,0,0,0,0,1),(1461,'Фантом',158,3,2,0,8,0,0),(1462,'Фетиш',158,4,0,3,0,0,0),(1463,'Заяц',158,5,2,7,0,0,0),(1464,'Мертвячок',158,6,0,0,0,0,3),(1465,'Questra',158,7,0,8,0,0,2),(1466,'Мерлин',158,8,1,9,1,0,3),(1467,'R2D2',158,9,0,2,0,0,0),(1468,'Vilka',158,10,3,0,1,0,1),(1469,'Турист',159,1,2,0,4,0,1),(1470,'Космос',159,2,0,4,0,0,1),(1471,'Faust',159,3,0,9,1,0,3),(1472,'Fox',159,4,1,3,0,0,1),(1473,'Заяц',159,5,0,1,0,0,0),(1474,'Questra',159,6,0,7,0,0,1),(1475,'Дракон',159,7,0,0,0,0,1),(1476,'Ниф',159,8,3,0,2,0,3),(1477,'Хирург',159,9,0,0,1,0,0),(1478,'Командор',159,10,2,8,1,0,3),(1479,'Ниф',160,1,0,11,0,0,3),(1480,'Jane',160,2,0,2,0,0,1),(1481,'ПП',160,3,1,3,0,0,2),(1482,'Vilka',160,4,0,5,0,0,2),(1483,'Questra',160,5,0,0,0,0,0),(1484,'Дракон',160,6,0,4,0,0,0),(1485,'Джек-Пот',160,7,2,9,2,0,3),(1486,'Фетиш',160,8,3,8,0,0,0),(1487,'Мерлин',160,9,2,0,6,0,3),(1488,'Faust',160,10,0,7,0,0,2),(1489,'Хирург',161,1,0,8,0,0,2),(1490,'Дракон',161,2,0,0,0,0,0),(1491,'Турист',161,3,0,10,0,0,3),(1492,'Ниф',161,4,2,9,0,0,3),(1493,'Звездочка',161,5,0,1,0,0,1),(1494,'Заяц',161,6,3,0,0,0,3),(1495,'Командор',161,7,0,4,2,0,3),(1496,'Jane',161,8,2,8,3,0,2),(1497,'ПП',161,9,1,9,3,0,3),(1498,'Vincent',161,10,0,7,0,0,3),(1499,'Questra',162,1,0,0,0,0,0),(1500,'Командор',162,2,1,3,3,0,2),(1501,'Космос',162,3,2,8,1,0,2),(1502,'Jane',162,4,0,0,1,0,3),(1503,'ПП',162,5,0,0,1,0,2),(1504,'Заяц',162,6,0,9,1,0,3),(1505,'Vincent',162,7,3,7,0,0,0),(1506,'Дракон',162,8,0,0,0,0,0),(1507,'Ниф',162,9,2,9,0,0,3),(1508,'Fox',162,10,0,1,1,0,0),(1509,'Хирург',163,1,0,0,0,0,2),(1510,'Космос',163,2,3,8,0,0,2),(1511,'Свердлова',163,3,2,9,1,0,0),(1512,'Паника',163,4,0,0,3,0,1),(1513,'Лилия',163,5,0,0,2,0,3),(1514,'Артист',163,6,0,0,0,0,2),(1515,'Айдахо',163,7,1,3,2,0,0),(1516,'Fox',163,8,2,7,0,0,0),(1517,'Зара',163,9,0,2,0,0,1),(1518,'Spielberg',163,10,0,1,2,0,1);
/*!40000 ALTER TABLE `Player` ENABLE KEYS */;
UNLOCK TABLES;

--
-- Table structure for table `User`
--

DROP TABLE IF EXISTS `User`;
/*!40101 SET @saved_cs_client     = @@character_set_client */;
/*!40101 SET character_set_client = utf8 */;
CREATE TABLE `User` (
  `username` varchar(100) NOT NULL,
  `password` varchar(100) NOT NULL,
  `email` varchar(100) DEFAULT NULL,
  `vk` varchar(100) DEFAULT NULL,
  `fb` varchar(100) DEFAULT NULL,
  PRIMARY KEY (`username`)
) ENGINE=InnoDB DEFAULT CHARSET=utf8;
/*!40101 SET character_set_client = @saved_cs_client */;

--
-- Dumping data for table `User`
--

LOCK TABLES `User` WRITE;
/*!40000 ALTER TABLE `User` DISABLE KEYS */;
INSERT INTO `User` VALUES ('Capla','komdon',NULL,NULL,NULL),('Faust','komdon',NULL,NULL,NULL),('Kosmos','komdon',NULL,NULL,NULL),('Vilka','komdon',NULL,NULL,NULL);
/*!40000 ALTER TABLE `User` ENABLE KEYS */;
UNLOCK TABLES;
/*!40103 SET TIME_ZONE=@OLD_TIME_ZONE */;

/*!40101 SET SQL_MODE=@OLD_SQL_MODE */;
/*!40014 SET FOREIGN_KEY_CHECKS=@OLD_FOREIGN_KEY_CHECKS */;
/*!40014 SET UNIQUE_CHECKS=@OLD_UNIQUE_CHECKS */;
/*!40101 SET CHARACTER_SET_CLIENT=@OLD_CHARACTER_SET_CLIENT */;
/*!40101 SET CHARACTER_SET_RESULTS=@OLD_CHARACTER_SET_RESULTS */;
/*!40101 SET COLLATION_CONNECTION=@OLD_COLLATION_CONNECTION */;
/*!40111 SET SQL_NOTES=@OLD_SQL_NOTES */;

-- Dump completed on 2015-04-25 14:08:23
