-- MySQL dump 10.13  Distrib 5.6.19, for osx10.7 (i386)
--
-- Host: localhost    Database: mafia
-- ------------------------------------------------------
-- Server version	5.5.41-0ubuntu0.14.04.1

/*!40101 SET @OLD_CHARACTER_SET_CLIENT=@@CHARACTER_SET_CLIENT */;
/*!40101 SET @OLD_CHARACTER_SET_RESULTS=@@CHARACTER_SET_RESULTS */;
/*!40101 SET @OLD_COLLATION_CONNECTION=@@COLLATION_CONNECTION */;
/*!40101 SET NAMES utf8 */;
/*!40103 SET @OLD_TIME_ZONE=@@TIME_ZONE */;
/*!40103 SET TIME_ZONE='+00:00' */;
/*!40014 SET @OLD_UNIQUE_CHECKS=@@UNIQUE_CHECKS, UNIQUE_CHECKS=0 */;
/*!40014 SET @OLD_FOREIGN_KEY_CHECKS=@@FOREIGN_KEY_CHECKS, FOREIGN_KEY_CHECKS=0 */;
/*!40101 SET @OLD_SQL_MODE=@@SQL_MODE, SQL_MODE='NO_AUTO_VALUE_ON_ZERO' */;
/*!40111 SET @OLD_SQL_NOTES=@@SQL_NOTES, SQL_NOTES=0 */;

--
-- Table structure for table `game`
--

DROP TABLE IF EXISTS `game`;
/*!40101 SET @saved_cs_client     = @@character_set_client */;
/*!40101 SET character_set_client = utf8 */;
CREATE TABLE `game` (
  `id` int(11) NOT NULL AUTO_INCREMENT,
  `date` date DEFAULT NULL,
  `result` int(10) DEFAULT NULL,
  `season` int(10) DEFAULT NULL,
  `master` varchar(60) DEFAULT NULL,
  PRIMARY KEY (`id`),
  KEY `master_idx` (`master`),
  CONSTRAINT `master` FOREIGN KEY (`master`) REFERENCES `member` (`nickname`) ON DELETE CASCADE ON UPDATE CASCADE
) ENGINE=InnoDB AUTO_INCREMENT=346 DEFAULT CHARSET=utf8;
/*!40101 SET character_set_client = @saved_cs_client */;

--
-- Dumping data for table `game`
--

LOCK TABLES `game` WRITE;
/*!40000 ALTER TABLE `game` DISABLE KEYS */;
INSERT INTO `game` VALUES (59,NULL,2,1,NULL),(60,NULL,1,1,NULL),(61,NULL,0,1,NULL),(62,NULL,1,1,NULL),(63,NULL,2,1,NULL),(64,NULL,0,1,NULL),(65,NULL,3,1,NULL),(66,NULL,2,1,NULL),(67,NULL,3,1,NULL),(68,NULL,3,1,NULL),(69,NULL,1,1,NULL),(70,NULL,1,1,NULL),(71,NULL,1,1,NULL),(72,NULL,3,1,NULL),(73,NULL,2,1,NULL),(74,NULL,3,1,NULL),(75,NULL,3,1,NULL),(76,NULL,1,1,NULL),(77,NULL,1,1,NULL),(78,NULL,1,1,NULL),(79,NULL,3,1,NULL),(80,NULL,1,1,NULL),(81,NULL,1,1,NULL),(82,NULL,3,1,NULL),(83,NULL,0,1,NULL),(84,NULL,3,1,NULL),(85,NULL,3,1,NULL),(86,NULL,2,1,NULL),(87,NULL,0,1,NULL),(88,NULL,3,1,NULL),(89,NULL,2,1,NULL),(90,NULL,3,1,NULL),(91,NULL,2,1,NULL),(92,NULL,0,1,NULL),(93,NULL,0,1,NULL),(94,NULL,2,1,NULL),(95,NULL,0,1,NULL),(96,NULL,2,1,NULL),(97,NULL,3,1,NULL),(98,NULL,1,1,NULL),(99,NULL,2,1,NULL),(100,NULL,0,1,NULL),(101,NULL,0,1,NULL),(102,NULL,1,1,NULL),(103,NULL,2,1,NULL),(104,NULL,3,1,NULL),(105,NULL,0,1,NULL),(106,NULL,0,1,NULL),(107,NULL,2,1,NULL),(108,NULL,3,1,NULL),(109,NULL,0,1,NULL),(110,NULL,1,1,NULL),(111,NULL,3,1,NULL),(112,NULL,0,1,NULL),(113,NULL,3,1,NULL),(114,NULL,0,1,NULL),(115,NULL,0,1,NULL),(116,NULL,1,1,NULL),(117,NULL,3,1,NULL),(118,NULL,2,1,NULL),(119,NULL,1,1,NULL),(120,NULL,3,1,NULL),(121,NULL,2,1,NULL),(122,NULL,1,1,NULL),(123,NULL,0,1,NULL),(124,NULL,3,1,NULL),(125,NULL,1,1,NULL),(126,NULL,1,1,NULL),(127,NULL,2,1,NULL),(128,NULL,3,1,NULL),(129,NULL,1,1,NULL),(130,NULL,1,1,NULL),(131,NULL,3,1,NULL),(132,NULL,2,1,NULL),(133,NULL,0,1,NULL),(134,NULL,1,1,NULL),(135,NULL,1,1,NULL),(136,NULL,0,1,NULL),(137,NULL,0,1,NULL),(138,NULL,0,1,NULL),(139,NULL,1,1,NULL),(140,NULL,3,1,NULL),(141,NULL,3,1,NULL),(142,NULL,1,1,NULL),(143,NULL,2,1,NULL),(144,NULL,2,1,NULL),(145,NULL,0,1,NULL),(146,NULL,2,1,NULL),(147,NULL,0,1,NULL),(148,NULL,0,1,NULL),(149,NULL,0,1,NULL),(150,NULL,3,1,NULL),(151,NULL,2,1,NULL),(152,NULL,1,1,NULL),(153,NULL,3,1,NULL),(154,NULL,2,1,NULL),(155,NULL,1,1,NULL),(156,NULL,2,1,NULL),(157,NULL,0,1,NULL),(158,NULL,2,1,NULL),(159,NULL,2,1,NULL),(160,NULL,2,1,NULL),(161,NULL,2,1,NULL),(162,NULL,1,1,NULL),(163,NULL,1,1,NULL),(236,'2012-01-02',0,2,'Космос'),(237,'2012-01-02',1,2,'Космос'),(238,'2012-01-02',0,2,'Космос'),(239,'2012-01-02',0,2,'Цапля'),(240,'2012-01-02',3,2,'Космос'),(241,'2012-01-02',1,2,'Цапля'),(242,'2012-01-02',3,2,'Цапля'),(243,'2012-01-02',2,2,'Космос'),(244,'2012-01-02',3,2,'Космос'),(245,'2012-01-02',3,2,'Цапля'),(246,'2012-01-02',1,2,'Цапля'),(247,'2012-01-02',0,2,'Космос'),(248,'2012-01-02',0,2,'Цапля'),(249,'2012-01-02',1,2,'Космос'),(250,'2012-01-02',0,2,'Цапля'),(251,'2012-01-02',3,2,'Космос'),(252,'2012-01-02',2,2,'Цапля'),(253,'2012-01-02',3,2,'Космос'),(254,'2012-01-02',1,2,'Цапля'),(255,'2012-01-02',0,2,'Цапля'),(256,'2012-01-02',2,2,'Амахонда'),(257,'2012-01-02',2,2,'Космос'),(258,'2012-01-02',2,2,'Цапля'),(259,'2012-01-02',2,2,'Vilka'),(260,'2012-01-02',3,2,'Файна'),(261,'2012-01-02',1,2,'Космос'),(262,'2012-01-02',1,2,'Космос'),(263,'2012-01-02',2,2,'Космос'),(264,'2012-01-02',2,2,'Космос'),(265,'2012-01-02',2,2,'Цапля'),(266,'2012-01-02',0,2,'Космос'),(267,'2012-01-02',2,2,'Космос'),(268,'2012-01-02',1,2,'Космос'),(269,'2012-01-02',2,2,'Цапля'),(270,'2012-01-02',0,2,'Космос'),(271,'2012-01-02',1,2,'Космос'),(272,'2012-01-02',0,2,'Цапля'),(273,'2012-01-02',2,2,'Космос'),(274,'2012-01-02',0,2,'Космос'),(275,'2012-01-02',0,2,'Космос'),(276,'2012-01-02',0,2,'Космос'),(277,'2012-01-02',2,2,'Цапля'),(278,'2012-01-02',0,2,'Цапля'),(279,'2012-01-02',2,2,'Космос'),(280,'2012-01-02',3,2,'Цапля'),(281,'2012-01-02',1,2,'Цапля'),(282,'2012-01-02',2,2,'Космос'),(283,'2012-01-02',1,2,'Космос'),(284,'2012-01-02',1,2,'Цапля'),(285,'2012-01-02',2,2,'Космос'),(286,'2012-01-02',1,2,'Космос'),(287,'2012-01-02',2,2,'Цапля'),(288,'2012-01-02',3,2,'Космос'),(289,'2012-01-02',0,2,'Цапля'),(290,'2012-01-02',3,2,'Цапля'),(291,'2012-01-02',2,2,'Цапля'),(292,'2012-01-02',1,2,'Faust'),(293,'2012-01-02',1,2,'Цапля'),(294,'2012-01-02',0,2,'Цапля'),(295,'2012-01-02',2,2,'Faust'),(297,'2012-01-02',2,2,'Цапля'),(298,'2012-01-02',2,2,'Цапля'),(299,'2012-01-02',0,2,'Космос'),(300,'2012-01-02',1,2,'Vilka'),(301,'2012-01-02',2,2,'Космос'),(302,'2012-01-02',3,2,'Космос'),(303,'2012-01-02',3,2,'Космос'),(304,'2012-01-02',1,2,'Космос'),(305,'2012-01-02',0,2,'Faust'),(306,'2015-01-16',3,2,'Космос'),(307,'2015-01-16',0,2,'Faust'),(308,'2015-01-16',2,2,'Faust'),(309,'2015-01-16',3,2,'Космос'),(310,'2015-01-16',2,2,'Космос'),(311,'2015-01-16',1,2,'Космос'),(312,'2015-01-16',2,2,'Цапля'),(313,'2015-01-16',0,2,'Космос'),(314,'2015-01-16',3,2,'Космос'),(315,'2015-01-16',1,2,'Космос'),(316,'2015-01-16',1,2,'Космос'),(317,'2015-01-16',2,2,'Цапля'),(318,'2015-01-16',2,2,'Космос'),(319,'2015-01-16',2,2,'Космос'),(321,'2015-01-16',1,2,'Космос'),(323,'2015-01-16',2,2,'Космос'),(324,'2015-01-16',0,2,'Космос'),(325,'2015-01-16',0,2,'Космос'),(326,'2015-01-16',2,2,'Амбал'),(327,'2015-01-16',1,2,'Космос'),(328,'2015-01-16',0,2,'Амбал'),(329,'2015-01-16',2,2,'Космос'),(330,'2015-01-16',2,2,'Космос'),(331,'2015-01-16',0,2,'Космос'),(332,'2015-01-16',0,2,'Космос'),(333,'2015-01-16',3,2,'Цапля'),(334,'2015-01-16',3,2,'Космос'),(335,'2015-01-16',1,2,'Космос'),(336,'2015-01-16',2,2,'Космос'),(337,'2015-01-16',1,2,'Космос'),(338,'2015-01-16',1,2,'Космос'),(339,'2015-01-16',2,2,'Цапля'),(340,'2015-01-16',2,2,'Амбал'),(341,'2015-01-16',2,2,'Цапля'),(342,'2015-01-16',2,2,'Цапля'),(343,'2015-01-16',3,2,'Амбал'),(344,'2015-01-16',1,2,'Звездочка'),(345,'2015-01-16',2,2,'Космос');
/*!40000 ALTER TABLE `game` ENABLE KEYS */;
UNLOCK TABLES;

--
-- Table structure for table `member`
--

DROP TABLE IF EXISTS `member`;
/*!40101 SET @saved_cs_client     = @@character_set_client */;
/*!40101 SET character_set_client = utf8 */;
CREATE TABLE `member` (
  `nickname` varchar(60) NOT NULL,
  `vkontakte` varchar(100) DEFAULT NULL,
  `birthday` date DEFAULT NULL,
  `mail` varchar(100) DEFAULT NULL,
  `telephone` varchar(100) DEFAULT NULL,
  PRIMARY KEY (`nickname`)
) ENGINE=InnoDB DEFAULT CHARSET=utf8;
/*!40101 SET character_set_client = @saved_cs_client */;

--
-- Dumping data for table `member`
--

LOCK TABLES `member` WRITE;
/*!40000 ALTER TABLE `member` DISABLE KEYS */;
INSERT INTO `member` VALUES ('22',NULL,NULL,NULL,NULL),('Arch Enemy','dreamwalker7',NULL,NULL,NULL),('Batler','alexbuttler',NULL,NULL,NULL),('Blink','this_is_blink',NULL,NULL,NULL),('Brew','philipenkovalera',NULL,NULL,NULL),('Candy','lyudmilkaaa7',NULL,NULL,NULL),('CAPS','kseniya_sedelnikova',NULL,NULL,NULL),('Deja vu','mellesacha',NULL,NULL,NULL),('Do you','the_rapy',NULL,NULL,NULL),('Erin (Чернигов)','rina_mis',NULL,NULL,NULL),('Etc','etcetere',NULL,NULL,NULL),('Faust','faustern',NULL,NULL,NULL),('Fool','ikotlyarenko',NULL,NULL,NULL),('Fox','ss_fox',NULL,NULL,NULL),('Francesco','harry_franc',NULL,NULL,NULL),('Jane','id_your_jane',NULL,NULL,NULL),('Just','ilovekisses.monster',NULL,NULL,NULL),('Kurt','volynetsoleg',NULL,NULL,NULL),('Lens','id16360140',NULL,NULL,NULL),('Locky','o_o_0_0_o_o',NULL,NULL,NULL),('Morley','morley',NULL,NULL,NULL),('Proud Deer','id24599413',NULL,NULL,NULL),('Questra','questra',NULL,NULL,NULL),('R2D2','ashevskiy',NULL,NULL,NULL),('Run Away','i.draw.desings',NULL,NULL,NULL),('Snoopy','snoopy_ua',NULL,NULL,NULL),('Spielberg','tsvill',NULL,NULL,NULL),('Ten','ten_mafia',NULL,NULL,NULL),('Vilka','kharytonov_tony',NULL,NULL,NULL),('Vincent','andrew.stanj',NULL,NULL,NULL),('XXX','',NULL,NULL,NULL),('Yes','id11160808',NULL,NULL,NULL),('Аббревиатура','miss_of_cct',NULL,NULL,NULL),('Айдахо','find_the_clue',NULL,NULL,NULL),('Айсберг','id176895873',NULL,NULL,NULL),('Акито',NULL,NULL,NULL,NULL),('Амахонда','id19328053',NULL,NULL,NULL),('Амбал','ambak',NULL,NULL,NULL),('Анархия','id120100860',NULL,NULL,NULL),('Андріолло','',NULL,NULL,NULL),('Антонио','id143123629',NULL,NULL,NULL),('Ария','id23345456',NULL,NULL,NULL),('Арлекино','arlekos',NULL,NULL,NULL),('Артист','belb4onok',NULL,NULL,NULL),('Афоня','id130667863',NULL,NULL,NULL),('Бабай','id71988945',NULL,NULL,NULL),('Банан','id13765879',NULL,NULL,NULL),('Батько','andrey_prut',NULL,NULL,NULL),('Бета','id5292281',NULL,NULL,NULL),('Борман','keepbleeding',NULL,NULL,NULL),('Бренди','nortman',NULL,NULL,NULL),('Вася','ndobrovolska',NULL,NULL,NULL),('Веселий Молочник','yanovych',NULL,NULL,NULL),('Вынос Мозга','id20534557',NULL,NULL,NULL),('Голубок','',NULL,NULL,NULL),('Голубь','didichenko',NULL,NULL,NULL),('Граф','graf_ukr',NULL,NULL,NULL),('Грей','',NULL,NULL,NULL),('Гуффи','guffy_r',NULL,NULL,NULL),('Дания','panda_love_boo',NULL,NULL,NULL),('Дари','',NULL,NULL,NULL),('Денис','',NULL,NULL,NULL),('Джек-Пот','x_jack_pot_x',NULL,NULL,NULL),('Джесс','',NULL,NULL,NULL),('Джульетта','id13411059',NULL,NULL,NULL),('Дракон','dragonfly22',NULL,NULL,NULL),('Дровосек','',NULL,NULL,NULL),('Елка','',NULL,NULL,NULL),('Жеглов','ikulyk',NULL,NULL,NULL),('Зара','kuzhylnaya',NULL,NULL,NULL),('Заяц','egor.zaitsev',NULL,NULL,NULL),('Звездочка','just_polishchuk',NULL,NULL,NULL),('Игрок','igrok_iasa',NULL,NULL,NULL),('Изюм (нау)',NULL,NULL,NULL,NULL),('Изюм (Чернигов)','id27125767',NULL,NULL,NULL),('Инквизитор','advo_kat',NULL,NULL,NULL),('Какую Хочешь','',NULL,NULL,NULL),('Капитан Морган','morgancap',NULL,NULL,NULL),('Карма','id14497768',NULL,NULL,NULL),('Кас (Чернигов)','id19085231',NULL,NULL,NULL),('Ква','',NULL,NULL,NULL),('Кенни','ihmsawtd',NULL,NULL,NULL),('Керриган',NULL,NULL,NULL,NULL),('Кика','daria_kika',NULL,NULL,NULL),('Клич','id19111965',NULL,NULL,NULL),('Князь','knyaz1991',NULL,NULL,NULL),('Командор','id5945049',NULL,NULL,NULL),('Космос','id206913380',NULL,NULL,NULL),('Кошка (Чернигов)','id213626281',NULL,NULL,NULL),('Кью','just_olli',NULL,NULL,NULL),('Латвия','lo_latvia',NULL,NULL,NULL),('Лачевски','vitalik_malinovsky',NULL,NULL,NULL),('Лилия','id135915214',NULL,NULL,NULL),('Лунатик','amy_crime',NULL,NULL,NULL),('Май','id131327873',NULL,NULL,NULL),('Мака','id26439075',NULL,NULL,NULL),('Марго (Полтава)','id5640500',NULL,NULL,NULL),('Мари','mariashikhmina',NULL,NULL,NULL),('Мерлин','egemon',NULL,NULL,NULL),('Мертвячок','nikita_glumov',NULL,NULL,NULL),('Микки','id71737546',NULL,NULL,NULL),('Морган','id5815850',NULL,NULL,NULL),('Мэри','id186349831',NULL,NULL,NULL),('НеПодарок','id102443975',NULL,NULL,NULL),('Ни Грамма',NULL,NULL,NULL,NULL),('Ник','nikolay_fomich',NULL,NULL,NULL),('Ниф','neftys',NULL,NULL,NULL),('Нюся','',NULL,NULL,NULL),('Окси','oksankakow',NULL,NULL,NULL),('Павлин','id24099856',NULL,NULL,NULL),('Панда','blandger',NULL,NULL,NULL),('Паника','tanyavolynets',NULL,NULL,NULL),('Паника (ББ)','anna_blokhina',NULL,NULL,NULL),('ПП','shokotko_iren',NULL,NULL,NULL),('Пушкин','kirilord',NULL,NULL,NULL),('Рамино','id12904754',NULL,NULL,NULL),('Рио','id206417267',NULL,NULL,NULL),('Роммель','rommel2',NULL,NULL,NULL),('Ронни','id3174572',NULL,NULL,NULL),('Свердлова','anya_sverdlova',NULL,NULL,NULL),('Серж','sergkichuk',NULL,NULL,NULL),('Серый','panasevich_sergey',NULL,NULL,NULL),('Сигрун','id6056686',NULL,NULL,NULL),('Сова','inna_markus',NULL,NULL,NULL),('Стриптизер','vl_kh',NULL,NULL,NULL),('Сутенерша','id24021994ann',NULL,NULL,NULL),('Термит','rinkishi',NULL,NULL,NULL),('Тесла','sasha_naez',NULL,NULL,NULL),('Топинамбур','kovsh_bits',NULL,NULL,NULL),('Тор','id14090560',NULL,NULL,NULL),('Точка','id54891156',NULL,NULL,NULL),('Треф','idtref',NULL,NULL,NULL),('Турист','tourist_petia',NULL,NULL,NULL),('Уайт','',NULL,NULL,NULL),('Ульфрик','p.shok',NULL,NULL,NULL),('Файна','sasha_fajna',NULL,NULL,NULL),('Фантом','fantomchuk',NULL,NULL,NULL),('Фатима',NULL,NULL,NULL,NULL),('Фетиш','id23212281',NULL,NULL,NULL),('Фил','',NULL,NULL,NULL),('Флоркинс','florkins',NULL,NULL,NULL),('Хилависа','',NULL,NULL,NULL),('Хирург','id17668773',NULL,NULL,NULL),('Хохол','tanabash19',NULL,NULL,NULL),('Цапля','id27309668',NULL,NULL,NULL),('Центр','0centr0',NULL,NULL,NULL),('Чехов','alexey_titarenko',NULL,NULL,NULL),('Шпион','id221551509',NULL,NULL,NULL),('Эльза','z_vlada',NULL,NULL,NULL),('Эмили',NULL,NULL,NULL,NULL),('Эргноор','id8013217',NULL,NULL,NULL),('Юрист','',NULL,NULL,NULL);
/*!40000 ALTER TABLE `member` ENABLE KEYS */;
UNLOCK TABLES;

--
-- Table structure for table `player`
--

DROP TABLE IF EXISTS `player`;
/*!40101 SET @saved_cs_client     = @@character_set_client */;
/*!40101 SET character_set_client = utf8 */;
CREATE TABLE `player` (
  `id` int(10) unsigned NOT NULL AUTO_INCREMENT,
  `nickname` varchar(60) DEFAULT NULL,
  `game_id` int(10) DEFAULT NULL,
  `number` int(10) DEFAULT NULL,
  `role` int(10) DEFAULT NULL,
  `life` int(10) DEFAULT NULL,
  `best_voices` int(10) DEFAULT NULL,
  `final_decision` int(10) DEFAULT NULL,
  `fouls` int(10) DEFAULT NULL,
  PRIMARY KEY (`id`),
  KEY `nick_idx` (`nickname`),
  KEY `game_idx` (`game_id`),
  CONSTRAINT `FK_ptw1lr5bxs3o28qxg28lgoru2` FOREIGN KEY (`game_id`) REFERENCES `game` (`id`),
  CONSTRAINT `member` FOREIGN KEY (`nickname`) REFERENCES `member` (`nickname`) ON DELETE NO ACTION ON UPDATE NO ACTION
) ENGINE=InnoDB AUTO_INCREMENT=3259 DEFAULT CHARSET=utf8;
/*!40101 SET character_set_client = @saved_cs_client */;

--
-- Dumping data for table `player`
--

LOCK TABLES `player` WRITE;
/*!40000 ALTER TABLE `player` DISABLE KEYS */;
INSERT INTO `player` VALUES (469,'Бета',59,1,0,1,0,0,0),(470,'Панда',59,2,0,2,0,0,0),(471,'Дракон',59,3,0,0,0,0,0),(472,'Космос',59,4,0,0,1,0,3),(473,'Звездочка',59,5,0,3,1,0,2),(474,'Стриптизер',59,6,2,0,0,0,1),(475,'Spielberg',59,7,0,7,0,0,2),(476,'Амахонда',59,8,2,8,0,0,2),(477,'Arch Enemy',59,9,1,9,2,0,0),(478,'Kurt',59,10,3,0,4,0,2),(479,'Fox',60,1,0,1,0,0,0),(480,'Заяц',60,2,3,7,0,0,3),(481,'Свердлова',60,3,0,2,0,0,0),(482,'Жеглов',60,4,1,0,2,0,3),(483,'Бета',60,5,0,0,1,0,0),(484,'Vilka',60,6,0,0,3,0,3),(485,'Faust',60,7,2,8,1,0,3),(486,'Веселий Молочник',60,8,0,3,2,0,2),(487,'Звездочка',60,9,0,0,1,0,1),(488,'Стриптизер',60,10,2,9,0,0,0),(489,'Игрок',61,1,0,5,0,0,0),(490,'Паника',61,2,0,7,0,0,0),(491,'Веселий Молочник',61,3,0,4,1,0,1),(492,'Kurt',61,4,2,11,3,0,3),(493,'Фетиш',61,5,0,1,0,0,0),(494,'Жеглов',61,6,0,0,4,1,3),(495,'Эльза',61,7,0,10,0,0,1),(496,'Vincent',61,8,3,9,0,0,2),(497,'Faust',61,9,2,8,0,0,1),(498,'Борман',61,10,1,0,1,0,2),(499,'Fox',62,1,0,0,0,0,0),(500,'Фетиш',62,2,3,9,1,0,1),(501,'Стриптизер',62,3,2,8,0,0,1),(502,'Звездочка',62,4,0,2,3,0,1),(503,'Заяц',62,5,2,7,0,0,1),(504,'Бета',62,6,0,1,1,0,0),(505,'Vincent',62,7,0,0,0,0,1),(506,'Spielberg',62,8,0,0,4,0,2),(507,'Шпион',62,9,1,3,0,0,0),(508,'Борман',62,10,0,0,1,0,2),(509,'Vilka',63,1,2,0,5,1,3),(510,'Заяц',63,2,0,0,0,0,1),(511,'Фетиш',63,3,0,0,0,0,1),(512,'Звездочка',63,4,0,0,0,0,3),(513,'Fox',63,5,0,0,0,0,0),(514,'Стриптизер',63,6,2,0,0,0,1),(515,'Эльза',63,7,1,0,1,0,3),(516,'Kurt',63,8,0,0,1,0,3),(517,'Свердлова',63,9,0,0,1,0,0),(518,'Faust',63,10,3,0,2,0,3),(519,'Spielberg',64,1,0,0,4,1,2),(520,'Стриптизер',64,2,2,10,0,0,1),(521,'Космос',64,3,0,3,0,0,2),(522,'Arch Enemy',64,4,1,0,2,0,0),(523,'Хирург',64,5,2,7,0,0,0),(524,'Locky',64,6,0,0,2,0,3),(525,'Цапля',64,7,0,8,0,0,2),(526,'Морган',64,8,3,9,0,0,0),(527,'Амахонда',64,9,0,1,0,0,0),(528,'Звездочка',64,10,0,2,0,0,1),(529,'Капитан Морган',65,1,0,0,1,0,1),(530,'Звездочка',65,2,0,3,0,0,2),(531,'Панда',65,3,1,0,2,0,2),(532,'Kurt',65,4,3,0,1,0,3),(533,'Бета',65,5,0,7,0,0,2),(534,'Голубь',65,6,0,0,0,0,2),(535,'Стриптизер',65,7,0,6,0,0,1),(536,'Vilka',65,8,2,0,4,0,3),(537,'Амахонда',65,9,0,8,0,0,2),(538,'Денис',65,10,2,0,2,0,1),(539,'Амахонда',66,1,1,3,0,0,2),(540,'Vincent',66,2,0,9,0,0,2),(541,'Капитан Морган',66,3,0,4,1,0,2),(542,'Locky',66,4,2,0,2,0,3),(543,'Хирург',66,5,0,7,0,0,0),(544,'Цапля',66,6,0,0,0,0,3),(545,'Космос',66,7,0,1,2,0,1),(546,'Arch Enemy',66,8,2,9,1,0,0),(547,'Дракон',66,9,0,10,1,0,0),(548,'Vilka',66,10,3,8,0,0,2),(549,'Турист',67,1,0,3,0,0,1),(550,'Хирург',67,2,0,9,0,0,2),(551,'Arch Enemy',67,3,3,0,0,0,1),(552,'Звездочка',67,4,2,0,6,0,1),(553,'Капитан Морган',67,5,0,8,0,0,2),(554,'Космос',67,6,0,0,1,0,3),(555,'Vincent',67,7,1,1,0,0,0),(556,'Дракон',67,8,0,7,0,0,0),(557,'Панда',67,9,0,0,0,0,2),(558,'Vilka',67,10,2,0,1,0,3),(559,'Стриптизер',68,1,3,0,0,0,2),(560,'Spielberg',68,2,0,0,3,0,2),(561,'Космос',68,3,0,0,2,0,2),(562,'Амахонда',68,4,2,0,2,0,3),(563,'Турист',68,5,0,7,0,0,2),(564,'Vincent',68,6,0,0,0,0,0),(565,'Arch Enemy',68,7,1,8,2,0,1),(566,'Хирург',68,8,2,0,0,0,3),(567,'Locky',68,9,0,1,1,0,2),(568,'Арлекино',68,10,0,2,0,0,1),(569,'Стриптизер',69,1,0,1,0,0,1),(570,'Амахонда',69,2,1,0,4,0,2),(571,'Дракон',69,3,0,5,0,0,2),(572,'Vilka',69,4,0,9,0,0,2),(573,'Звездочка',69,5,0,0,5,1,3),(574,'Locky',69,6,0,7,0,0,3),(575,'Spielberg',69,7,2,8,0,0,3),(576,'Морган',69,8,3,11,1,0,3),(577,'Капитан Морган',69,9,2,10,0,0,2),(578,'Арлекино',69,10,0,4,0,0,3),(579,'Панда',70,1,0,1,0,0,1),(580,'Турист',70,2,2,9,0,0,1),(581,'Космос',70,3,2,7,0,0,3),(582,'Денис',70,4,0,0,1,0,1),(583,'Хирург',70,5,0,0,4,0,2),(584,'Морган',70,6,0,3,2,0,0),(585,'Бета',70,7,1,0,3,0,0),(586,'Капитан Морган',70,8,0,0,0,0,3),(587,'Vincent',70,9,3,8,0,0,3),(588,'Spielberg',70,10,0,2,0,0,1),(589,'Vincent',71,1,0,1,1,0,2),(590,'Locky',71,2,0,0,1,0,2),(591,'Хирург',71,3,2,0,1,0,4),(592,'Турист',71,4,0,0,1,0,0),(593,'Стриптизер',71,5,1,0,1,0,1),(594,'Арлекино',71,6,2,0,1,0,4),(595,'Морган',71,7,0,0,1,0,0),(596,'Амахонда',71,8,0,0,1,0,0),(597,'Звездочка',71,9,0,0,1,0,0),(598,'Капитан Морган',71,10,3,7,1,0,1),(599,'Зара',72,1,3,0,2,0,1),(600,'Амахонда',72,2,0,1,0,0,0),(601,'Blink',72,3,2,0,0,0,1),(602,'Хилависа',72,4,0,0,0,0,0),(603,'Etc',72,5,0,2,0,0,0),(604,'R2D2',72,6,2,0,5,0,1),(605,'Цапля',72,7,1,0,1,0,3),(606,'Борман',72,8,0,7,0,0,0),(607,'ПП',72,9,0,8,2,0,2),(608,'Бета',72,10,0,0,0,0,0),(609,'Сигрун',73,1,0,3,1,0,0),(610,'Амахонда',73,2,2,0,1,0,3),(611,'Blink',73,3,3,9,1,0,2),(612,'Candy',73,4,0,0,1,0,0),(613,'Batler',73,5,0,1,1,0,0),(614,'Борман',73,6,1,10,1,0,0),(615,'Бета',73,7,2,8,1,0,1),(616,'R2D2',73,8,0,7,1,0,0),(617,'Хилависа',73,9,0,2,1,0,0),(618,'Etc',73,10,0,4,1,0,2),(619,'Ten',74,1,1,8,0,0,2),(620,'Fox',74,2,0,0,0,0,1),(621,'Ниф',74,3,0,1,0,0,1),(622,'Амахонда',74,4,0,2,0,0,1),(623,'Сигрун',74,5,0,0,0,0,1),(624,'Blink',74,6,2,0,0,0,3),(625,'Ник',74,7,2,0,4,0,0),(626,'Павлин',74,8,0,7,0,0,1),(627,'Борман',74,9,0,0,0,0,0),(628,'Звездочка',74,10,3,0,4,0,1),(629,'Vincent',75,1,0,8,4,0,1),(630,'Ten',75,2,0,0,0,0,0),(631,'Ник',75,3,0,0,0,0,0),(632,'Цапля',75,4,1,0,1,0,2),(633,'Ниф',75,5,0,0,1,0,2),(634,'Ква',75,6,0,1,0,0,1),(635,'Мака',75,7,3,0,2,1,1),(636,'ПП',75,8,2,0,2,0,2),(637,'Павлин',75,9,0,7,0,0,1),(638,'Зара',75,10,2,0,0,0,1),(639,'Мертвячок',76,1,1,0,1,0,2),(640,'Заяц',76,2,0,0,0,0,3),(641,'Стриптизер',76,3,2,9,0,0,1),(642,'Фетиш',76,4,0,0,0,0,1),(643,'Борман',76,5,0,8,1,0,0),(644,'Kurt',76,6,2,1,3,0,0),(645,'Vincent',76,7,3,2,0,0,2),(646,'Свердлова',76,8,0,7,1,0,1),(647,'Fox',76,9,0,0,0,0,1),(648,'Звездочка',76,10,0,3,0,0,2),(649,'Цапля',77,1,0,0,0,0,3),(650,'Космос',77,2,0,0,1,0,2),(651,'Дракон',77,3,0,0,0,0,0),(652,'Зара',77,4,0,1,0,0,0),(653,'Инквизитор',77,5,2,7,0,0,0),(654,'Звездочка',77,6,0,0,2,0,2),(655,'Фетиш',77,7,3,7,0,0,0),(656,'Борман',77,8,1,0,6,0,0),(657,'Ниф',77,9,2,7,0,0,3),(658,'Jane',77,10,0,0,1,0,2),(659,'Хирург',78,1,0,0,4,0,1),(660,'Амахонда',78,2,0,0,1,0,1),(661,'Зара',78,3,0,0,0,0,0),(662,'Дракон',78,4,0,0,1,0,0),(663,'Заяц',78,5,0,1,0,0,0),(664,'Fox',78,6,0,0,0,0,0),(665,'Blink',78,7,3,8,0,0,1),(666,'Vilka',78,8,1,0,4,0,2),(667,'Инквизитор',78,9,2,7,0,0,1),(668,'Цапля',78,10,2,9,0,0,2),(669,'Fox',79,1,0,0,1,0,0),(670,'Ниф',79,2,2,0,3,0,2),(671,'Vincent',79,3,3,0,0,0,2),(672,'Тор',79,4,0,7,0,0,1),(673,'Эльза',79,5,0,1,0,0,0),(674,'Бренди',79,6,2,0,5,0,2),(675,'Jane',79,7,0,0,0,0,2),(676,'Francesco',79,8,0,0,0,0,1),(677,'Дракон',79,9,1,8,1,0,0),(678,'Стриптизер',79,10,0,2,0,0,2),(679,'Инквизитор',80,1,2,8,0,0,0),(680,'Термит',80,2,0,0,1,0,1),(681,'Ульфрик',80,3,0,0,0,0,3),(682,'Звездочка',80,4,0,1,4,1,0),(683,'Пушкин',80,5,0,0,1,0,2),(684,'Зара',80,6,1,3,3,0,0),(685,'Ария',80,7,0,9,0,0,1),(686,'R2D2',80,8,2,9,0,0,2),(687,'Lens',80,9,0,0,1,0,2),(688,'Микки',80,10,3,7,0,0,1),(689,'R2D2',81,1,0,0,0,0,1),(690,'Космос',81,2,0,0,4,0,1),(691,'Цапля',81,3,2,7,0,0,1),(692,'Ария',81,4,0,0,0,0,0),(693,'Lens',81,5,0,2,5,0,2),(694,'Фетиш',81,6,3,8,0,0,1),(695,'Proud Deer',81,7,0,1,0,0,0),(696,'Айсберг',81,8,2,9,0,0,0),(697,'Fox',81,9,1,0,0,0,1),(698,'Зара',81,10,0,0,1,0,0),(699,'Борман',82,1,0,0,0,0,0),(700,'Цапля',82,2,0,0,0,0,2),(701,'Fox',82,3,1,8,0,0,2),(702,'Инквизитор',82,4,0,7,0,0,0),(703,'Космос',82,5,3,0,1,0,3),(704,'Заяц',82,6,0,2,0,0,0),(705,'Амахонда',82,7,2,0,3,0,3),(706,'Vilka',82,8,0,1,0,0,1),(707,'Дракон',82,9,0,0,0,0,1),(708,'Хирург',82,10,2,0,1,0,2),(709,'Стриптизер',83,1,1,0,0,0,0),(710,'Fox',83,2,2,10,0,0,0),(711,'Заяц',83,3,0,0,2,0,1),(712,'Фетиш',83,4,0,0,1,0,0),(713,'Vincent',83,5,0,3,0,0,2),(714,'Борман',83,6,2,8,0,0,0),(715,'Kurt',83,7,0,1,0,0,0),(716,'Паника',83,8,0,2,0,0,2),(717,'Эльза',83,9,0,7,0,0,0),(718,'Игрок',83,10,3,9,0,0,2),(719,'Ниф',84,1,1,1,1,0,0),(720,'Тор',84,2,0,7,0,0,0),(721,'Дракон',84,3,2,0,0,0,0),(722,'Стриптизер',84,4,0,3,0,0,0),(723,'Звездочка',84,5,0,0,1,0,0),(724,'Fox',84,6,0,0,0,0,0),(725,'Эльза',84,7,0,8,0,0,0),(726,'Vincent',84,8,3,0,0,0,0),(727,'CAPS',84,9,0,0,0,0,0),(728,'Фетиш',84,10,2,0,7,0,0),(729,'Мертвячок',85,1,0,2,0,0,3),(730,'Космос',85,2,0,0,0,0,4),(731,'Инквизитор',85,3,3,0,0,0,0),(732,'Борман',85,4,0,0,0,0,4),(733,'Амахонда',85,5,0,1,0,0,1),(734,'Зара',85,6,1,0,0,0,2),(735,'Цапля',85,7,0,7,0,0,2),(736,'Фетиш',85,8,2,0,1,0,1),(737,'Vilka',85,9,0,0,3,0,2),(738,'Blink',85,10,2,0,2,0,1),(739,'Цапля',86,1,1,6,1,0,0),(740,'Proud Deer',86,2,0,8,0,0,3),(741,'Blink',86,3,2,0,1,0,3),(742,'Космос',86,4,2,9,1,0,3),(743,'Vincent',86,5,0,3,1,0,1),(744,'Айсберг',86,6,0,4,0,0,0),(745,'Фетиш',86,7,3,7,2,1,1),(746,'Kurt',86,8,0,2,0,0,0),(747,'Ниф',86,9,0,0,0,0,2),(748,'Амахонда',86,10,0,10,2,0,1),(749,'Vilka',87,1,0,8,1,0,2),(750,'Дракон',87,2,1,1,0,0,1),(751,'Амахонда',87,3,0,0,3,0,2),(752,'Vincent',87,4,0,2,1,0,2),(753,'Бета',87,5,3,9,0,0,0),(754,'Ниф',87,6,2,10,1,0,3),(755,'Инквизитор',87,7,0,0,0,0,3),(756,'Kurt',87,8,2,7,0,0,3),(757,'Борман',87,9,0,4,0,0,1),(758,'Звездочка',87,10,0,0,4,1,2),(759,'Ульфрик',88,1,2,0,0,0,1),(760,'Зара',88,2,2,8,0,0,0),(761,'Свердлова',88,3,0,7,0,0,0),(762,'Blink',88,4,0,0,0,0,3),(763,'Kurt',88,5,0,3,0,0,3),(764,'Заяц',88,6,0,0,0,0,1),(765,'Пушкин',88,7,0,0,0,0,3),(766,'Lens',88,8,1,0,1,0,3),(767,'Звездочка',88,9,3,0,6,0,0),(768,'Космос',88,10,0,1,1,0,1),(769,'Зара',89,1,0,9,1,0,0),(770,'Заяц',89,2,0,0,0,0,3),(771,'Fox',89,3,3,8,0,0,0),(772,'Амахонда',89,4,1,3,1,0,2),(773,'Цапля',89,5,2,0,7,0,3),(774,'Хирург',89,6,0,1,1,0,0),(775,'Космос',89,7,0,4,0,0,3),(776,'Vilka',89,8,0,2,0,0,2),(777,'Дракон',89,9,2,7,0,0,0),(778,'Blink',89,10,0,10,0,0,1),(779,'Термит',90,1,0,0,0,0,1),(780,'Амахонда',90,2,2,0,4,0,0),(781,'Дракон',90,3,0,0,0,0,2),(782,'Инквизитор',90,4,0,8,0,0,0),(783,'Звездочка',90,5,0,2,0,0,1),(784,'Заяц',90,6,1,1,0,0,0),(785,'Blink',90,7,0,7,0,0,1),(786,'Fox',90,8,0,0,0,0,0),(787,'Хирург',90,9,2,0,3,0,1),(788,'Ниф',90,10,3,0,3,0,2),(789,'Ниф',91,1,2,8,4,0,3),(790,'Космос',91,2,0,0,1,0,2),(791,'Инквизитор',91,3,0,1,0,0,0),(792,'Хирург',91,4,2,9,1,0,1),(793,'Vilka',91,5,1,9,1,0,2),(794,'Цапля',91,6,0,3,0,0,2),(795,'Термит',91,7,0,10,0,0,3),(796,'Микки',91,8,3,0,1,0,1),(797,'Борман',91,9,0,7,0,0,2),(798,'Зара',91,10,0,4,0,0,1),(799,'Эльза',92,1,2,11,5,0,2),(800,'Vincent',92,2,0,3,0,0,1),(801,'Борман',92,3,3,8,0,0,0),(802,'Заяц',92,4,1,2,0,0,2),(803,'Fox',92,5,0,1,0,0,0),(804,'Паника',92,6,0,0,0,0,3),(805,'Kurt',92,7,2,7,0,0,2),(806,'Звездочка',92,8,0,0,3,0,1),(807,'Игрок',92,9,0,5,2,0,3),(808,'Стриптизер',92,10,0,9,0,0,2),(809,'Francesco',93,1,0,0,3,1,3),(810,'Стриптизер',93,2,3,9,0,0,1),(811,'Эльза',93,3,0,3,0,0,0),(812,'Ниф',93,4,0,1,0,0,2),(813,'CAPS',93,5,0,7,0,0,2),(814,'Vincent',93,6,2,8,0,0,2),(815,'Vilka',93,7,0,9,0,0,2),(816,'Дракон',93,8,2,11,0,0,1),(817,'Звездочка',93,9,1,0,7,0,2),(818,'Fox',93,10,0,5,0,0,0),(819,'Francesco',94,1,2,7,0,0,0),(820,'Ниф',94,2,1,9,1,0,2),(821,'Fox',94,3,0,8,0,0,0),(822,'Тор',94,4,0,0,1,0,1),(823,'Звездочка',94,5,0,2,0,0,2),(824,'Эльза',94,6,3,0,1,0,3),(825,'Стриптизер',94,7,0,1,0,0,0),(826,'Дракон',94,8,0,0,0,0,0),(827,'Vincent',94,9,2,0,1,0,3),(828,'Мертвячок',94,10,0,3,3,0,3),(829,'Faust',95,1,2,9,1,0,2),(830,'CAPS',95,2,0,7,0,0,0),(831,'Флоркинс',95,3,3,10,0,0,0),(832,'Vilka',95,4,0,0,6,0,2),(833,'Фетиш',95,5,0,0,0,0,1),(834,'Vincent',95,6,2,8,0,0,1),(835,'Fox',95,7,0,1,0,0,0),(836,'Morley',95,8,0,2,0,0,1),(837,'Заяц',95,9,0,9,0,0,2),(838,'Ниф',95,10,1,4,3,0,1),(839,'Стриптизер',96,1,1,2,0,0,2),(840,'Эльза',96,2,2,7,3,0,4),(841,'Тор',96,3,3,8,0,0,2),(842,'Fox',96,4,0,0,0,0,0),(843,'Faust',96,5,0,4,0,0,2),(844,'Vincent',96,6,0,1,0,0,1),(845,'CAPS',96,7,2,0,2,0,2),(846,'Фетиш',96,8,0,3,4,0,1),(847,'Юрист',96,9,0,7,0,0,0),(848,'Сова',96,10,0,10,0,0,0),(849,'Эльза',97,1,0,8,0,0,2),(850,'Дракон',97,2,0,3,0,0,1),(851,'Faust',97,3,0,7,2,0,2),(852,'Ниф',97,4,0,0,1,0,0),(853,'Звездочка',97,5,2,0,3,0,3),(854,'Стриптизер',97,6,2,0,1,0,1),(855,'Francesco',97,7,1,0,1,0,2),(856,'Заяц',97,8,0,0,0,0,1),(857,'Тор',97,9,0,1,0,0,0),(858,'Vilka',97,10,3,0,2,0,1),(859,'Ниф',98,1,3,8,7,0,3),(860,'Proud Deer',98,2,0,2,0,0,2),(861,'Ария',98,3,1,3,1,0,1),(862,'Какую Хочешь',98,4,2,9,0,0,0),(863,'Борман',98,5,0,0,1,0,1),(864,'Дракон',98,6,2,9,0,0,0),(865,'Бета',98,7,0,0,0,0,1),(866,'Fox',98,8,0,0,0,0,1),(867,'Vincent',98,9,0,1,1,0,1),(868,'Инквизитор',98,10,0,7,0,0,2),(869,'Lens',99,1,2,0,2,0,2),(870,'Амахонда',99,2,1,1,2,0,1),(871,'Ария',99,3,0,7,0,0,1),(872,'Proud Deer',99,4,0,3,1,0,2),(873,'Цапля',99,5,3,8,0,0,2),(874,'Ульфрик',99,6,0,10,0,0,2),(875,'Айсберг',99,7,2,9,0,0,1),(876,'Заяц',99,8,0,0,1,0,2),(877,'Борман',99,9,0,2,1,0,0),(878,'Пушкин',99,10,0,0,0,0,2),(879,'Панда',100,1,0,4,0,0,1),(880,'Цапля',100,2,2,10,0,0,2),(881,'Proud Deer',100,3,0,0,4,1,2),(882,'Vincent',100,4,0,9,0,0,3),(883,'Ниф',100,5,3,7,0,0,2),(884,'ПП',100,6,1,2,1,0,2),(885,'Фетиш',100,7,0,1,2,0,0),(886,'Космос',100,8,2,8,1,0,1),(887,'Айдахо',100,9,0,0,0,0,1),(888,'Амахонда',100,10,0,3,2,0,3),(889,'R2D2',101,1,2,0,1,0,3),(890,'Космос',101,2,0,3,2,0,1),(891,'Proud Deer',101,3,2,8,0,0,2),(892,'Ниф',101,4,1,1,0,0,0),(893,'Сутенерша',101,5,0,0,4,0,0),(894,'Ария',101,6,0,7,0,0,0),(895,'Звездочка',101,7,3,9,0,0,2),(896,'Борман',101,8,0,0,1,0,2),(897,'ПП',101,9,0,0,1,0,2),(898,'Амахонда',101,10,0,2,1,0,2),(899,'Мертвячок',102,1,0,0,2,0,3),(900,'Vincent',102,2,0,1,1,0,1),(901,'ПП',102,3,0,2,0,0,3),(902,'Ниф',102,4,1,3,1,0,2),(903,'Амахонда',102,5,2,9,2,0,3),(904,'Звездочка',102,6,0,0,2,0,2),(905,'Капитан Морган',102,7,3,7,0,0,1),(906,'Фетиш',102,8,0,0,1,0,0),(907,'Лунатик',102,9,2,8,0,0,0),(908,'Космос',102,10,0,0,1,0,3),(909,'Ария',103,1,0,3,0,0,1),(910,'Уайт',103,2,2,0,4,0,2),(911,'Капитан Морган',103,3,0,0,0,0,2),(912,'R2D2',103,4,0,1,0,0,0),(913,'Борман',103,5,1,9,0,0,2),(914,'Космос',103,6,3,0,2,0,1),(915,'Грей',103,7,0,2,1,0,0),(916,'Звездочка',103,8,0,8,1,0,2),(917,'Аббревиатура',103,9,2,7,1,0,0),(918,'Ниф',103,10,0,0,1,0,1),(919,'Arch Enemy',104,1,0,3,0,0,0),(920,'Капитан Морган',104,2,0,0,0,0,2),(921,'Панда',104,3,0,1,0,0,1),(922,'Звездочка',104,4,2,0,6,0,2),(923,'R2D2',104,5,1,8,0,0,2),(924,'Ниф',104,6,3,0,4,0,1),(925,'Vincent',104,7,0,0,0,0,1),(926,'Борман',104,8,2,0,0,0,0),(927,'Артист',104,9,0,0,0,0,2),(928,'ПП',104,10,0,7,0,0,1),(929,'Борман',105,1,0,1,0,0,0),(930,'Сутенерша',105,2,0,4,0,0,1),(931,'Цапля',105,3,2,8,0,0,2),(932,'Ария',105,4,3,9,0,0,1),(933,'Айсберг',105,5,0,7,0,0,2),(934,'Айдахо',105,6,0,0,1,0,1),(935,'Амахонда',105,7,0,2,2,1,2),(936,'Уайт',105,8,2,10,0,0,2),(937,'Фетиш',105,9,1,0,5,0,0),(938,'Proud Deer',105,10,0,3,2,0,2),(939,'Айдахо',106,1,1,0,2,0,1),(940,'Arch Enemy',106,2,3,9,0,0,0),(941,'Proud Deer',106,3,0,0,0,0,3),(942,'Айсберг',106,4,2,10,0,0,0),(943,'Vincent',106,5,2,8,1,0,2),(944,'Лунатик',106,6,0,0,0,0,0),(945,'Цапля',106,7,0,7,0,0,3),(946,'Сутенерша',106,8,0,1,0,0,1),(947,'Панда',106,9,0,0,4,0,2),(948,'Амахонда',106,10,0,4,3,0,1),(949,'Фетиш',107,1,0,9,0,0,1),(950,'Vincent',107,2,2,0,1,0,1),(951,'Spielberg',107,3,0,0,0,0,2),(952,'Зара',107,4,0,9,0,0,1),(953,'Борман',107,5,0,1,0,0,0),(954,'Бета',107,6,1,2,0,0,1),(955,'R2D2',107,7,0,0,4,0,0),(956,'Амахонда',107,8,0,7,0,0,0),(957,'Цапля',107,9,2,8,2,0,1),(958,'Мака',107,10,3,0,3,0,0),(959,'Мака',108,1,2,0,7,0,0),(960,'Капитан Морган',108,2,0,0,0,0,3),(961,'Уайт',108,3,0,8,1,0,1),(962,'Ария',108,4,0,7,0,0,3),(963,'Лунатик',108,5,0,0,0,0,0),(964,'Сутенерша',108,6,2,0,1,0,0),(965,'Arch Enemy',108,7,3,0,1,0,0),(966,'Борман',108,8,1,2,0,0,1),(967,'Айсберг',108,9,0,0,0,0,1),(968,'R2D2',108,10,0,1,0,0,1),(969,'Амахонда',109,1,0,0,2,0,2),(970,'Цапля',109,2,0,0,0,0,3),(971,'Vincent',109,3,2,9,1,0,1),(972,'ПП',109,4,2,7,0,0,2),(973,'Spielberg',109,5,0,0,0,0,2),(974,'Мака',109,6,0,4,0,0,0),(975,'Зара',109,7,3,10,2,0,2),(976,'Борман',109,8,0,2,0,0,1),(977,'Ниф',109,9,1,1,4,0,2),(978,'R2D2',109,10,0,8,0,0,2),(979,'R2D2',110,1,0,2,0,0,1),(980,'Цапля',110,2,0,1,0,0,1),(981,'Фетиш',110,3,0,0,1,0,0),(982,'Vincent',110,4,0,3,6,0,2),(983,'Ниф',110,5,2,8,0,0,0),(984,'Дровосек',110,6,2,7,0,0,0),(985,'Бета',110,7,0,0,0,0,2),(986,'Павлин',110,8,0,0,0,0,1),(987,'Зара',110,9,1,0,3,0,1),(988,'Мака',110,10,3,9,0,0,1),(989,'ПП',111,1,0,2,1,0,1),(990,'Капитан Морган',111,2,1,1,1,0,2),(991,'Звездочка',111,3,0,0,1,0,0),(992,'Космос',111,4,0,0,1,0,3),(993,'Vincent',111,5,2,0,1,0,1),(994,'Фетиш',111,6,0,8,1,0,2),(995,'Мертвячок',111,7,0,0,1,0,3),(996,'Ниф',111,8,2,0,1,0,1),(997,'Vilka',111,9,0,7,1,0,3),(998,'Амахонда',111,10,3,0,1,0,2),(999,'Batler',112,1,0,8,0,0,2),(1000,'Fox',112,2,2,10,2,0,0),(1001,'R2D2',112,3,0,3,3,0,3),(1002,'Сигрун',112,4,0,7,1,0,1),(1003,'Ник',112,5,2,7,0,0,3),(1004,'Цапля',112,6,0,2,0,0,2),(1005,'Blink',112,7,3,1,0,0,1),(1006,'Амахонда',112,8,1,0,2,0,2),(1007,'Борман',112,9,0,0,1,0,1),(1008,'Ten',112,10,0,9,0,0,2),(1009,'Павлин',113,1,0,0,1,0,0),(1010,'Дровосек',113,2,0,0,0,0,0),(1011,'Ten',113,3,2,0,3,0,0),(1012,'Blink',113,4,0,7,0,0,2),(1013,'Бета',113,5,0,1,0,0,0),(1014,'Сигрун',113,6,0,0,1,0,1),(1015,'Ник',113,7,1,8,0,0,2),(1016,'Ниф',113,8,0,2,1,0,1),(1017,'Звездочка',113,9,2,0,3,0,3),(1018,'Fox',113,10,3,0,0,0,0),(1019,'Мака',114,1,1,1,0,0,0),(1020,'Амахонда',114,2,2,7,0,0,2),(1021,'Blink',114,3,0,2,1,0,2),(1022,'Фетиш',114,4,0,4,0,1,2),(1023,'Vincent',114,5,0,3,0,0,2),(1024,'Spielberg',114,6,0,8,0,0,3),(1025,'Зара',114,7,2,9,0,0,1),(1026,'Борман',114,8,3,4,0,0,1),(1027,'Ниф',114,9,0,0,4,0,1),(1028,'Сигрун',114,10,0,0,5,0,1),(1029,'Ник',115,1,0,1,0,0,0),(1030,'Фетиш',115,2,0,0,3,0,0),(1031,'Ниф',115,3,3,8,0,0,3),(1032,'Мака',115,4,0,3,0,0,0),(1033,'Spielberg',115,5,0,0,0,0,3),(1034,'Vincent',115,6,0,0,0,0,1),(1035,'Павлин',115,7,0,7,0,0,1),(1036,'Batler',115,8,2,10,3,0,2),(1037,'Борман',115,9,1,4,3,0,1),(1038,'Зара',115,10,2,9,0,0,0),(1039,'Борман',116,1,2,8,1,0,0),(1040,'Fox',116,2,0,3,1,0,0),(1041,'Фетиш',116,3,0,8,1,0,1),(1042,'Jane',116,4,0,1,1,0,0),(1043,'Ниф',116,5,2,7,1,0,4),(1044,'Командор',116,6,0,0,1,0,1),(1045,'Стриптизер',116,7,1,0,1,0,1),(1046,'Клич',116,8,0,2,1,0,0),(1047,'Артист',116,9,3,9,1,0,1),(1048,'Амахонда',116,10,0,7,1,0,1),(1049,'Jane',117,1,0,2,1,0,1),(1050,'Князь',117,2,0,7,1,0,3),(1051,'Артист',117,3,0,1,1,0,2),(1052,'Fox',117,4,3,0,1,0,0),(1053,'Ниф',117,5,1,8,1,0,3),(1054,'Айсберг',117,6,0,0,1,0,0),(1055,'Роммель',117,7,2,0,1,0,0),(1056,'Командор',117,8,0,0,1,0,3),(1057,'Амахонда',117,9,2,0,1,0,2),(1058,'Vilka',117,10,0,0,1,0,2),(1059,'Ниф',118,1,0,3,1,0,3),(1060,'Дания',118,2,3,7,1,0,1),(1061,'Капитан Морган',118,3,1,2,1,0,3),(1062,'Князь',118,4,0,1,1,0,1),(1063,'Артист',118,5,0,10,1,0,3),(1064,'Jane',118,6,2,0,1,0,2),(1065,'Fox',118,7,2,9,1,0,0),(1066,'Роммель',118,8,0,0,1,0,1),(1067,'Vincent',118,9,0,8,1,0,2),(1068,'Амахонда',118,10,0,4,1,0,2),(1069,'Jane',119,1,0,3,2,1,2),(1070,'Цапля',119,2,2,9,0,0,2),(1071,'Борман',119,3,0,0,0,0,0),(1072,'Ниф',119,4,0,9,1,0,3),(1073,'Vilka',119,5,2,7,3,0,2),(1074,'Fox',119,6,0,0,1,0,1),(1075,'Лилия',119,7,0,2,0,0,0),(1076,'Капитан Морган',119,8,1,0,0,0,1),(1077,'Амахонда',119,9,3,8,1,0,1),(1078,'Vincent',119,10,0,0,2,0,2),(1079,'Faust',120,1,2,0,0,0,1),(1080,'Артист',120,2,0,3,1,0,3),(1081,'Термит',120,3,0,0,1,0,2),(1082,'Клич',120,4,0,0,0,0,1),(1083,'Стриптизер',120,5,0,1,1,0,0),(1084,'Айсберг',120,6,1,0,0,0,2),(1085,'Микки',120,7,0,7,0,0,2),(1086,'Командор',120,8,2,0,5,0,3),(1087,'Эльза',120,9,3,0,1,0,1),(1088,'Игрок',120,10,0,8,0,0,2),(1089,'Айсберг',121,1,1,9,0,0,1),(1090,'Клич',121,2,0,8,0,0,0),(1091,'Jane',121,3,0,2,0,0,0),(1092,'Борман',121,4,2,7,0,0,0),(1093,'Командор',121,5,0,0,0,0,3),(1094,'Артист',121,6,0,0,0,0,3),(1095,'Лилия',121,7,3,0,8,0,2),(1096,'Стриптизер',121,8,2,0,1,0,0),(1097,'Цапля',121,9,0,3,0,0,1),(1098,'Ниф',121,10,0,1,0,0,2),(1099,'Лилия',122,1,0,7,0,0,2),(1100,'Эльза',122,2,2,9,0,0,4),(1101,'Командор',122,3,0,0,2,0,1),(1102,'Бабай',122,4,0,0,0,0,1),(1103,'Клич',122,5,0,0,1,0,2),(1104,'Паника (ББ)',122,6,3,9,0,0,2),(1105,'Термит',122,7,0,0,5,0,2),(1106,'Игрок',122,8,2,8,0,0,2),(1107,'Blink',122,9,1,0,2,0,2),(1108,'Артист',122,10,0,1,0,0,1),(1109,'Фетиш',123,1,0,1,0,0,0),(1110,'Клич',123,2,2,10,0,0,0),(1111,'Термит',123,3,0,0,3,0,2),(1112,'Микки',123,4,0,3,1,0,3),(1113,'Капитан Морган',123,5,0,9,0,0,2),(1114,'Командор',123,6,0,4,0,0,3),(1115,'Айсберг',123,7,2,8,0,0,0),(1116,'Игрок',123,8,1,2,4,0,0),(1117,'Стриптизер',123,9,0,0,2,1,1),(1118,'Эльза',123,10,3,7,0,0,1),(1119,'Blink',124,1,0,0,1,0,1),(1120,'Vincent',124,2,0,0,1,0,2),(1121,'Цапля',124,3,0,0,1,0,1),(1122,'Эльза',124,4,0,0,1,0,0),(1123,'Jane',124,5,2,0,1,0,0),(1124,'Амахонда',124,6,0,6,1,0,4),(1125,'Роммель',124,7,1,6,1,0,0),(1126,'Капитан Морган',124,8,2,0,1,0,1),(1127,'Паника (ББ)',124,9,0,0,1,0,0),(1128,'Игрок',124,10,3,0,1,0,0),(1129,'Лилия',125,1,0,0,5,0,2),(1130,'Артист',125,2,0,1,0,0,1),(1131,'Бабай',125,3,0,0,0,0,0),(1132,'Эльза',125,4,1,0,4,0,1),(1133,'Blink',125,5,0,0,0,0,2),(1134,'Игрок',125,6,3,8,0,0,1),(1135,'Vincent',125,7,2,8,0,0,4),(1136,'Капитан Морган',125,8,0,2,1,0,1),(1137,'Дания',125,9,2,7,0,0,0),(1138,'Паника (ББ)',125,10,0,0,0,0,2),(1139,'Лилия',126,1,0,2,1,0,0),(1140,'Капитан Морган',126,2,3,8,1,0,4),(1141,'Цапля',126,3,0,0,1,0,2),(1142,'Клич',126,4,0,0,1,0,2),(1143,'Фетиш',126,5,0,0,1,0,0),(1144,'Стриптизер',126,6,1,0,1,0,1),(1145,'Борман',126,7,0,0,1,0,2),(1146,'Дания',126,8,2,7,1,0,0),(1147,'Паника (ББ)',126,9,2,8,1,0,3),(1148,'Ниф',126,10,0,1,1,0,2),(1149,'Vilka',127,1,0,0,0,0,3),(1150,'Ниф',127,2,0,3,3,0,1),(1151,'Артист',127,3,2,0,4,0,3),(1152,'Амахонда',127,4,0,10,0,0,0),(1153,'Капитан Морган',127,5,0,1,0,0,1),(1154,'Fox',127,6,2,7,0,0,0),(1155,'Vincent',127,7,1,9,0,0,2),(1156,'Борман',127,8,0,0,0,0,0),(1157,'Цапля',127,9,0,4,0,0,2),(1158,'Jane',127,10,3,0,2,0,3),(1159,'Vilka',128,1,2,0,0,0,2),(1160,'Фетиш',128,2,3,0,0,0,1),(1161,'Паника (ББ)',128,3,0,2,0,0,1),(1162,'Vincent',128,4,1,0,0,0,2),(1163,'Эльза',128,5,0,1,0,0,0),(1164,'Blink',128,6,0,7,0,0,1),(1165,'Амахонда',128,7,2,0,10,0,0),(1166,'Стриптизер',128,8,0,0,0,0,1),(1167,'Цапля',128,9,0,0,0,0,0),(1168,'Артист',128,10,0,8,0,0,1),(1169,'Лилия',129,1,0,0,6,0,1),(1170,'Ниф',129,2,1,1,1,0,2),(1171,'Эльза',129,3,0,0,0,0,2),(1172,'Борман',129,4,2,8,0,0,1),(1173,'Паника (ББ)',129,5,0,0,1,0,1),(1174,'Артист',129,6,0,0,0,0,3),(1175,'Роммель',129,7,0,0,0,0,1),(1176,'Командор',129,8,0,0,1,0,3),(1177,'Игрок',129,9,2,8,0,0,4),(1178,'Fox',129,10,3,7,0,0,0),(1179,'Дракон',130,1,1,2,0,0,2),(1180,'Бета',130,2,0,0,0,0,0),(1181,'Эльза',130,3,0,0,1,0,2),(1182,'Игрок',130,4,0,1,0,0,1),(1183,'Fox',130,5,3,8,0,0,1),(1184,'Айдахо',130,6,0,0,0,0,0),(1185,'Стриптизер',130,7,2,9,1,0,1),(1186,'Артист',130,8,2,7,0,0,1),(1187,'Francesco',130,9,0,0,3,1,2),(1188,'Лилия',130,10,0,3,5,0,1),(1189,'Vilka',131,1,0,0,0,0,1),(1190,'Голубок',131,2,0,1,0,0,2),(1191,'Ронни',131,3,0,7,0,0,1),(1192,'Vincent',131,4,0,2,0,0,1),(1193,'Амахонда',131,5,2,0,3,0,0),(1194,'Jane',131,6,0,0,0,0,3),(1195,'Артист',131,7,3,0,5,0,3),(1196,'Князь',131,8,2,0,2,0,3),(1197,'Рамино',131,9,1,8,0,0,1),(1198,'Fox',131,10,0,0,0,0,0),(1199,'Spielberg',132,1,3,0,1,0,1),(1200,'Бета',132,2,1,3,0,0,2),(1201,'Игрок',132,3,0,1,0,0,0),(1202,'Звездочка',132,4,0,2,0,0,2),(1203,'Артист',132,5,0,5,0,0,2),(1204,'Эльза',132,6,0,10,0,0,0),(1205,'Vincent',132,7,0,0,2,0,1),(1206,'Амахонда',132,8,2,7,0,0,3),(1207,'Лилия',132,9,0,4,5,0,2),(1208,'Командор',132,10,2,8,1,0,3),(1209,'Игрок',133,1,2,8,0,0,0),(1210,'Командор',133,2,0,0,1,0,3),(1211,'Fox',133,3,1,2,1,0,0),(1212,'Звездочка',133,4,0,3,8,0,3),(1213,'Паника',133,5,2,7,0,0,1),(1214,'Мака',133,6,0,9,0,0,1),(1215,'Эльза',133,7,0,0,0,0,1),(1216,'Kurt',133,8,0,0,0,0,2),(1217,'Голубок',133,9,3,4,0,0,3),(1218,'Амахонда',133,10,0,1,0,0,0),(1219,'Бренди',134,1,0,0,1,0,1),(1220,'Vincent',134,2,0,0,1,0,1),(1221,'Банан',134,3,0,1,1,0,2),(1222,'Мертвячок',134,4,2,8,1,0,3),(1223,'Артист',134,5,2,8,1,0,3),(1224,'Амахонда',134,6,0,2,1,0,2),(1225,'Дракон',134,7,1,0,1,0,0),(1226,'Fox',134,8,0,0,1,0,0),(1227,'Елка',134,9,3,7,1,0,0),(1228,'Лилия',134,10,0,0,1,0,2),(1229,'Бренди',135,1,0,1,0,0,1),(1230,'Vincent',135,2,3,7,0,0,1),(1231,'Заяц',135,3,1,2,0,0,0),(1232,'Банан',135,4,0,3,2,0,2),(1233,'Артист',135,5,2,8,0,0,2),(1234,'Елка',135,6,2,9,0,0,0),(1235,'Дракон',135,7,0,0,1,0,0),(1236,'Fox',135,8,0,0,0,0,1),(1237,'Амахонда',135,9,0,0,1,0,2),(1238,'Зара',135,10,0,0,4,0,1),(1239,'Амахонда',136,1,1,2,0,0,0),(1240,'Зара',136,2,0,3,0,0,0),(1241,'Ниф',136,3,0,0,1,0,3),(1242,'Vincent',136,4,2,8,0,0,0),(1243,'Эльза',136,5,0,0,0,0,1),(1244,'Kurt',136,6,0,9,1,0,3),(1245,'Дракон',136,7,0,1,1,0,0),(1246,'Артист',136,8,0,4,0,0,3),(1247,'Jane',136,9,2,7,0,0,2),(1248,'Банан',136,10,3,10,7,0,2),(1249,'Эльза',137,1,0,2,0,0,0),(1250,'Дракон',137,2,3,9,0,0,0),(1251,'Бренди',137,3,2,8,0,0,3),(1252,'Елка',137,4,2,10,1,0,3),(1253,'Зара',137,5,0,0,0,0,2),(1254,'Банан',137,6,1,3,1,0,3),(1255,'Гуффи',137,7,0,1,2,0,1),(1256,'Мака',137,8,0,0,0,0,0),(1257,'Заяц',137,9,0,7,0,0,0),(1258,'Командор',137,10,0,4,6,0,2),(1259,'Игрок',138,1,0,0,2,0,2),(1260,'Звездочка',138,2,3,9,2,0,1),(1261,'Амахонда',138,3,1,1,0,0,0),(1262,'Артист',138,4,0,7,1,0,1),(1263,'Ниф',138,5,0,2,0,0,0),(1264,'Jane',138,6,2,11,0,0,1),(1265,'Kurt',138,7,0,3,0,0,2),(1266,'Fox',138,8,0,5,0,0,0),(1267,'Francesco',138,9,2,8,1,0,3),(1268,'Лилия',138,10,0,0,4,0,2),(1269,'Игрок',139,1,2,6,1,0,0),(1270,'Звездочка',139,2,0,0,1,0,0),(1271,'Амахонда',139,3,2,6,1,0,0),(1272,'Артист',139,4,0,0,1,0,0),(1273,'Ниф',139,5,0,0,1,0,0),(1274,'Jane',139,6,0,0,1,0,0),(1275,'Kurt',139,7,0,0,1,0,0),(1276,'Fox',139,8,3,6,1,0,0),(1277,'Francesco',139,9,1,0,1,0,0),(1278,'Лилия',139,10,0,0,1,0,0),(1279,'Дракон',140,1,0,8,0,0,0),(1280,'ПП',140,2,0,7,0,0,2),(1281,'Артист',140,3,0,0,0,0,3),(1282,'Ниф',140,4,0,2,1,0,1),(1283,'Бренди',140,5,0,0,0,0,1),(1284,'Окси',140,6,3,0,1,0,3),(1285,'Жеглов',140,7,0,0,2,0,2),(1286,'Елка',140,8,2,0,3,0,1),(1287,'Банан',140,9,1,1,1,0,1),(1288,'Jane',140,10,2,0,1,0,0),(1289,'Командор',141,1,0,1,1,0,1),(1290,'Окси',141,2,3,0,1,0,2),(1291,'Жеглов',141,3,2,0,5,0,3),(1292,'Ниф',141,4,0,3,0,0,3),(1293,'Эльза',141,5,0,0,2,0,1),(1294,'Игрок',141,6,1,8,1,0,1),(1295,'Звездочка',141,7,0,0,0,0,2),(1296,'Kurt',141,8,0,0,0,0,1),(1297,'ПП',141,9,0,7,0,0,1),(1298,'Банан',141,10,2,0,0,0,3),(1299,'Ниф',142,1,2,6,0,0,3),(1300,'Francesco',142,2,1,7,2,0,1),(1301,'Snoopy',142,3,0,0,1,0,2),(1302,'Дракон',142,4,0,0,0,0,0),(1303,'Зара',142,5,0,0,3,0,3),(1304,'Fox',142,6,3,1,0,0,0),(1305,'Заяц',142,7,2,7,0,0,1),(1306,'Стриптизер',142,8,0,0,0,0,0),(1307,'Панда',142,9,0,0,1,0,2),(1308,'Айдахо',142,10,0,0,3,0,1),(1309,'Vincent',143,1,0,10,1,0,2),(1310,'Паника',143,2,0,2,0,0,2),(1311,'Kurt',143,3,0,3,0,0,2),(1312,'Мака',143,4,0,0,0,0,2),(1313,'Артист',143,5,0,4,1,0,2),(1314,'Fox',143,6,3,8,0,0,0),(1315,'Зара',143,7,0,9,0,0,2),(1316,'Командор',143,8,2,7,0,0,1),(1317,'Jane',143,9,1,1,0,0,0),(1318,'Космос',143,10,2,0,5,0,1),(1319,'Амахонда',144,1,0,10,0,0,2),(1320,'Командор',144,2,0,0,0,0,2),(1321,'Хирург',144,3,2,7,0,0,1),(1322,'Vilka',144,4,0,8,0,0,3),(1323,'Зара',144,5,0,3,0,0,0),(1324,'Jane',144,6,0,4,0,0,0),(1325,'Космос',144,7,2,0,1,0,2),(1326,'Ниф',144,8,1,9,1,0,3),(1327,'Kurt',144,9,3,9,8,0,2),(1328,'Паника',144,10,0,1,0,0,1),(1329,'Fox',145,1,2,9,0,0,0),(1330,'Заяц',145,2,0,2,0,0,0),(1331,'Стриптизер',145,3,3,8,0,0,2),(1332,'Сова',145,4,0,4,1,0,0),(1333,'Бета',145,5,2,10,1,0,2),(1334,'Дракон',145,6,0,0,3,0,1),(1335,'Айдахо',145,7,0,0,1,0,0),(1336,'Spielberg',145,8,0,7,0,0,3),(1337,'Francesco',145,9,1,3,3,0,2),(1338,'XXX',145,10,0,1,0,0,0),(1339,'Spielberg',146,1,0,0,0,0,2),(1340,'Зара',146,2,0,2,0,0,2),(1341,'Амахонда',146,3,0,0,0,0,3),(1342,'Snoopy',146,4,0,9,1,0,3),(1343,'Ниф',146,5,3,7,3,0,3),(1344,'Голубок',146,6,0,8,0,0,3),(1345,'Vincent',146,7,2,0,3,0,2),(1346,'Командор',146,8,1,1,0,0,2),(1347,'Панда',146,9,0,9,0,0,3),(1348,'Звездочка',146,10,2,0,3,0,2),(1349,'Артист',147,1,3,4,0,0,2),(1350,'Мертвячок',147,2,0,1,0,0,2),(1351,'Хирург',147,3,0,8,1,0,1),(1352,'Космос',147,4,2,7,0,0,1),(1353,'Fox',147,5,0,0,2,0,0),(1354,'Blink',147,6,0,3,0,0,2),(1355,'Амахонда',147,7,2,9,0,0,3),(1356,'Jane',147,8,0,2,0,0,1),(1357,'Ниф',147,9,0,0,5,0,3),(1358,'Мака',147,10,1,0,2,0,3),(1359,'Космос',148,1,0,1,0,0,0),(1360,'Ниф',148,2,0,0,1,0,3),(1361,'Командор',148,3,0,0,0,0,1),(1362,'Артист',148,4,3,8,0,0,3),(1363,'Vincent',148,5,0,4,0,0,3),(1364,'Амахонда',148,6,1,3,1,0,3),(1365,'Мака',148,7,2,7,0,0,0),(1366,'Jane',148,8,2,10,2,0,2),(1367,'Зара',148,9,0,0,2,0,0),(1368,'Vilka',148,10,0,0,0,0,1),(1369,'Амахонда',149,1,0,0,0,0,3),(1370,'Командор',149,2,3,11,5,0,2),(1371,'Хирург',149,3,0,10,0,0,2),(1372,'Звездочка',149,4,0,1,0,0,0),(1373,'Айдахо',149,5,0,5,0,0,1),(1374,'Свердлова',149,6,2,7,0,0,0),(1375,'Паника',149,7,0,0,2,0,2),(1376,'Fox',149,8,1,8,1,0,0),(1377,'Зара',149,9,2,8,0,0,0),(1378,'Kurt',149,10,0,3,1,0,2),(1379,'Vilka',150,1,0,7,0,0,1),(1380,'Blink',150,2,2,0,0,0,0),(1381,'Хирург',150,3,1,8,0,0,1),(1382,'Звездочка',150,4,0,2,0,0,2),(1383,'Мака',150,5,3,1,0,0,0),(1384,'Командор',150,6,0,0,2,0,1),(1385,'Артист',150,7,0,0,0,0,3),(1386,'Kurt',150,8,0,0,2,0,3),(1387,'Космос',150,9,0,0,5,0,3),(1388,'Vincent',150,10,2,0,1,0,1),(1389,'Командор',151,1,0,5,0,0,3),(1390,'Kurt',151,2,0,9,0,0,3),(1391,'Свердлова',151,3,0,2,0,0,0),(1392,'Звездочка',151,4,0,0,0,0,2),(1393,'Vilka',151,5,2,7,0,0,2),(1394,'Амахонда',151,6,3,0,7,0,0),(1395,'Паника',151,7,1,1,1,0,1),(1396,'Vincent',151,8,0,3,2,0,2),(1397,'Blink',151,9,0,10,0,0,3),(1398,'Зара',151,10,2,8,0,0,1),(1399,'Kurt',152,1,0,2,5,0,2),(1400,'Vincent',152,2,0,0,2,0,1),(1401,'Командор',152,3,2,8,0,0,1),(1402,'Fox',152,4,1,1,0,0,0),(1403,'Космос',152,5,0,0,1,0,1),(1404,'Амахонда',152,6,0,0,2,0,2),(1405,'Spielberg',152,7,3,7,0,0,2),(1406,'Звездочка',152,8,2,9,0,0,2),(1407,'Артист',152,9,0,0,0,0,2),(1408,'Blink',152,10,0,0,0,0,2),(1409,'Вася',153,1,0,7,0,0,1),(1410,'Ниф',153,2,0,8,2,0,2),(1411,'Vincent',153,3,1,3,0,0,1),(1412,'Vilka',153,4,3,0,0,0,3),(1413,'Jane',153,5,2,0,4,0,3),(1414,'Джек-Пот',153,6,0,0,0,0,0),(1415,'Космос',153,7,0,0,0,0,3),(1416,'Командор',153,8,0,1,0,0,1),(1417,'Мерлин',153,9,0,0,0,0,2),(1418,'Звездочка',153,10,2,0,3,1,1),(1419,'Хирург',154,1,0,3,0,0,2),(1420,'Faust',154,2,1,2,0,0,2),(1421,'Турист',154,3,2,7,0,0,0),(1422,'Fox',154,4,0,1,0,0,1),(1423,'R2D2',154,5,0,5,0,0,2),(1424,'Андріолло',154,6,0,9,0,0,3),(1425,'Вася',154,7,2,0,10,0,1),(1426,'Vincent',154,8,0,0,0,0,2),(1427,'Командор',154,9,0,4,0,0,3),(1428,'Звездочка',154,10,3,8,0,0,2),(1429,'Вася',155,1,3,8,1,0,0),(1430,'Fox',155,2,1,3,1,0,1),(1431,'Questra',155,3,0,0,1,0,0),(1432,'Андріолло',155,4,0,0,1,0,2),(1433,'ПП',155,5,0,0,1,0,1),(1434,'Хирург',155,6,0,0,1,0,0),(1435,'Vincent',155,7,0,2,1,0,2),(1436,'Командор',155,8,0,1,1,0,0),(1437,'Дракон',155,9,2,9,1,0,0),(1438,'Заяц',155,10,2,7,1,0,1),(1439,'Турист',156,1,3,8,1,0,4),(1440,'Джек-Пот',156,2,0,0,1,0,0),(1441,'Jane',156,3,2,8,0,0,3),(1442,'Vilka',156,4,2,0,4,0,3),(1443,'Заяц',156,5,1,1,0,0,0),(1444,'Хирург',156,6,0,7,0,0,0),(1445,'Мерлин',156,7,0,9,0,0,4),(1446,'Ниф',156,8,0,0,1,0,2),(1447,'Звездочка',156,9,0,3,1,0,1),(1448,'Фантом',156,10,0,2,0,0,0),(1449,'Командор',157,1,0,0,2,0,2),(1450,'Vincent',157,2,0,9,2,0,4),(1451,'Ниф',157,3,0,1,2,0,0),(1452,'Звездочка',157,4,3,10,1,0,2),(1453,'Андріолло',157,5,0,2,0,0,0),(1454,'Jane',157,6,2,8,1,0,3),(1455,'Fox',157,7,1,9,0,0,2),(1456,'Вася',157,8,0,0,0,1,0),(1457,'Фантом',157,9,0,4,0,0,0),(1458,'R2D2',157,10,2,7,0,0,0),(1459,'Андріолло',158,1,0,1,0,0,0),(1460,'Джек-Пот',158,2,0,0,0,0,1),(1461,'Фантом',158,3,2,0,8,0,0),(1462,'Фетиш',158,4,0,3,0,0,0),(1463,'Заяц',158,5,2,7,0,0,0),(1464,'Мертвячок',158,6,0,0,0,0,3),(1465,'Questra',158,7,0,8,0,0,2),(1466,'Мерлин',158,8,1,9,1,0,3),(1467,'R2D2',158,9,0,2,0,0,0),(1468,'Vilka',158,10,3,0,1,0,1),(1469,'Турист',159,1,2,0,4,0,1),(1470,'Космос',159,2,0,4,0,0,1),(1471,'Faust',159,3,0,9,1,0,3),(1472,'Fox',159,4,1,3,0,0,1),(1473,'Заяц',159,5,0,1,0,0,0),(1474,'Questra',159,6,0,7,0,0,1),(1475,'Дракон',159,7,0,0,0,0,1),(1476,'Ниф',159,8,3,0,2,0,3),(1477,'Хирург',159,9,0,0,1,0,0),(1478,'Командор',159,10,2,8,1,0,3),(1479,'Ниф',160,1,0,11,0,0,3),(1480,'Jane',160,2,0,2,0,0,1),(1481,'ПП',160,3,1,3,0,0,2),(1482,'Vilka',160,4,0,5,0,0,2),(1483,'Questra',160,5,0,0,0,0,0),(1484,'Дракон',160,6,0,4,0,0,0),(1485,'Джек-Пот',160,7,2,9,2,0,3),(1486,'Фетиш',160,8,3,8,0,0,0),(1487,'Мерлин',160,9,2,0,6,0,3),(1488,'Faust',160,10,0,7,0,0,2),(1489,'Хирург',161,1,0,8,0,0,2),(1490,'Дракон',161,2,0,0,0,0,0),(1491,'Турист',161,3,0,10,0,0,3),(1492,'Ниф',161,4,2,9,0,0,3),(1493,'Звездочка',161,5,0,1,0,0,1),(1494,'Заяц',161,6,3,0,0,0,3),(1495,'Командор',161,7,0,4,2,0,3),(1496,'Jane',161,8,2,8,3,0,2),(1497,'ПП',161,9,1,9,3,0,3),(1498,'Vincent',161,10,0,7,0,0,3),(1499,'Questra',162,1,0,0,0,0,0),(1500,'Командор',162,2,1,3,3,0,2),(1501,'Космос',162,3,2,8,1,0,2),(1502,'Jane',162,4,0,0,1,0,3),(1503,'ПП',162,5,0,0,1,0,2),(1504,'Заяц',162,6,0,9,1,0,3),(1505,'Vincent',162,7,3,7,0,0,0),(1506,'Дракон',162,8,0,0,0,0,0),(1507,'Ниф',162,9,2,9,0,0,3),(1508,'Fox',162,10,0,1,1,0,0),(1509,'Хирург',163,1,0,0,0,0,2),(1510,'Космос',163,2,3,8,0,0,2),(1511,'Свердлова',163,3,2,9,1,0,0),(1512,'Паника',163,4,0,0,3,0,1),(1513,'Лилия',163,5,0,0,2,0,3),(1514,'Артист',163,6,0,0,0,0,2),(1515,'Айдахо',163,7,1,3,2,0,0),(1516,'Fox',163,8,2,7,0,0,0),(1517,'Зара',163,9,0,2,0,0,1),(1518,'Spielberg',163,10,0,1,2,0,1),(2159,'Антонио',236,1,2,10,0,0,3),(2160,'Топинамбур',236,2,0,0,1,0,3),(2161,'Fox',236,3,0,4,7,0,0),(2162,'Кенни',236,4,0,3,0,0,1),(2163,'Тесла',236,5,0,0,0,0,1),(2164,'Run Away',236,6,0,2,0,0,3),(2165,'Карма',236,7,2,9,0,0,3),(2166,'Мари',236,8,1,1,0,0,0),(2167,'Артист',236,9,0,7,1,0,1),(2168,'Ниф',236,10,3,8,1,0,2),(2169,'Амахонда',237,1,0,0,0,0,2),(2170,'Антонио',237,2,0,0,0,0,2),(2171,'Панда',237,3,0,0,0,0,2),(2172,'Цапля',237,4,0,1,0,0,2),(2173,'Do you',237,5,2,8,0,0,0),(2174,'Тесла',237,6,3,6,0,0,0),(2175,'Мари',237,7,2,7,0,0,2),(2176,'Мака',237,8,1,2,6,0,0),(2177,'Fox',237,9,0,0,4,0,0),(2178,'Амбал',237,10,0,0,0,0,0),(2179,'Кью',238,1,0,0,0,0,1),(2180,'Антонио',238,2,0,0,1,0,1),(2181,'Амбал',238,3,2,8,0,0,3),(2182,'Амахонда',238,4,0,3,1,0,3),(2183,'Do you',238,5,0,6,0,0,1),(2184,'Run Away',238,6,1,2,1,0,1),(2185,'Цапля',238,7,3,7,0,0,1),(2186,'Топинамбур',238,8,0,1,0,0,0),(2187,'Кенни',238,9,2,9,0,0,2),(2188,'Ниф',238,10,0,0,2,0,2),(2189,'Мари',239,1,0,0,0,0,2),(2190,'Do you',239,2,0,1,0,0,0),(2191,'Тесла',239,3,0,0,1,0,1),(2192,'Ниф',239,4,0,4,0,0,1),(2193,'Панда',239,5,2,8,0,0,1),(2194,'Антонио',239,6,2,10,6,0,0),(2195,'Амбал',239,7,3,9,1,0,2),(2196,'Космос',239,8,0,0,1,0,3),(2197,'Fox',239,9,1,3,0,0,0),(2198,'Мака',239,10,0,7,1,0,0),(2199,'Антонио',240,1,0,0,0,0,0),(2200,'Амбал',240,2,0,7,0,0,2),(2201,'Карма',240,3,3,0,0,0,0),(2202,'Fox',240,4,0,0,1,0,0),(2203,'Панда',240,5,2,0,2,0,0),(2204,'Артист',240,6,1,6,0,0,2),(2205,'Цапля',240,7,0,1,0,0,1),(2206,'Vincent',240,8,0,7,0,0,0),(2207,'Амахонда',240,9,2,0,1,0,3),(2208,'Ниф',240,10,0,0,1,0,2),(2209,'Мака',241,1,0,0,0,0,0),(2210,'Топинамбур',241,2,0,0,0,0,1),(2211,'Тесла',241,3,2,7,0,0,0),(2212,'Run Away',241,4,2,8,0,0,3),(2213,'Fox',241,5,0,1,0,0,1),(2214,'Кенни',241,6,0,0,1,0,1),(2215,'Мари',241,7,0,0,0,0,2),(2216,'Do you',241,8,3,3,0,0,1),(2217,'Кью',241,9,1,0,4,0,0),(2218,'Космос',241,10,0,0,5,0,0),(2219,'Кью',242,1,2,0,0,0,0),(2220,'Топинамбур',242,2,3,0,0,0,0),(2221,'Карма',242,3,0,0,0,0,1),(2222,'Артист',242,4,0,8,0,0,2),(2223,'Мака',242,5,0,0,0,0,1),(2224,'Космос',242,6,1,1,0,0,0),(2225,'Тесла',242,7,0,7,0,0,0),(2226,'Кенни',242,8,0,0,0,0,0),(2227,'Run Away',242,9,0,2,0,0,1),(2228,'Мари',242,10,2,0,0,0,2),(2229,'Ниф',243,1,0,9,0,0,3),(2230,'Тесла',243,2,0,3,0,0,0),(2231,'Do you',243,3,2,0,0,0,2),(2232,'Амахонда',243,4,0,1,4,0,1),(2233,'Кенни',243,5,2,7,0,0,1),(2234,'Цапля',243,6,0,10,0,0,4),(2235,'Антонио',243,7,0,4,1,0,2),(2236,'Fox',243,8,3,8,0,0,0),(2237,'Мака',243,9,1,2,0,0,0),(2238,'Амбал',243,10,0,0,0,0,3),(2239,'Панда',244,1,2,0,1,0,0),(2240,'Кью',244,2,0,0,2,0,3),(2241,'Do you',244,3,3,0,1,0,0),(2242,'Мака',244,4,1,2,0,0,1),(2243,'Амахонда',244,5,0,0,1,0,2),(2244,'Цапля',244,6,0,1,0,0,1),(2245,'Кенни',244,7,0,7,0,0,0),(2246,'Fox',244,8,0,8,0,0,1),(2247,'Тесла',244,9,0,0,1,0,0),(2248,'Ниф',244,10,2,0,1,0,1),(2249,'Ниф',245,1,1,8,2,0,3),(2250,'Антонио',245,2,0,7,0,0,2),(2251,'Do you',245,3,2,0,0,0,0),(2252,'Топинамбур',245,4,0,0,0,0,3),(2253,'Vincent',245,5,0,2,1,0,0),(2254,'Кенни',245,6,0,0,0,0,0),(2255,'Тесла',245,7,0,0,2,0,0),(2256,'Мака',245,8,0,1,0,0,0),(2257,'Панда',245,9,2,0,2,0,0),(2258,'Космос',245,10,3,0,2,0,2),(2259,'Ниф',246,1,0,0,0,0,1),(2260,'Тесла',246,2,0,0,0,0,0),(2261,'Do you',246,3,0,0,0,0,0),(2262,'Кью',246,4,0,8,5,0,0),(2263,'Амбал',246,5,2,0,0,0,3),(2264,'Амахонда',246,6,0,6,0,0,2),(2265,'Кенни',246,7,1,0,5,0,0),(2266,'Антонио',246,8,2,8,0,0,4),(2267,'Панда',246,9,0,1,0,0,1),(2268,'Космос',246,10,3,7,0,0,3),(2269,'Fox',247,1,2,9,0,0,0),(2270,'Тесла',247,2,2,4,0,0,0),(2271,'Do you',247,3,3,8,0,0,1),(2272,'Кенни',247,4,0,0,0,0,1),(2273,'Амахонда',247,5,0,0,0,0,3),(2274,'Мака',247,6,0,0,0,0,0),(2275,'Цапля',247,7,1,0,0,0,3),(2276,'Кью',247,8,0,1,0,0,0),(2277,'Ниф',247,9,0,0,0,0,2),(2278,'Панда',247,10,0,7,0,0,2),(2279,'Панда',248,1,0,2,4,0,1),(2280,'Fox',248,2,2,8,0,0,3),(2281,'Кенни',248,3,1,3,1,0,2),(2282,'Амахонда',248,4,2,9,0,0,3),(2283,'Мака',248,5,0,0,0,0,1),(2284,'Ниф',248,6,0,1,0,0,0),(2285,'Космос',248,7,3,10,0,0,4),(2286,'Амбал',248,8,0,0,4,0,3),(2287,'Тесла',248,9,0,7,1,0,0),(2288,'Кью',248,10,0,0,0,0,2),(2289,'Амбал',249,1,0,0,0,0,1),(2290,'Кью',249,2,0,0,0,0,2),(2291,'Мака',249,3,0,0,0,0,0),(2292,'Кас (Чернигов)',249,4,1,0,0,0,0),(2293,'Антонио',249,5,0,0,0,0,2),(2294,'Панда',249,6,0,0,0,0,1),(2295,'Точка',249,7,2,0,0,0,2),(2296,'Do you',249,8,0,0,0,0,3),(2297,'Кошка (Чернигов)',249,9,3,0,0,0,1),(2298,'Серж',249,10,2,0,0,0,1),(2299,'Файна',250,1,0,1,0,0,1),(2300,'Locky',250,2,1,2,0,0,2),(2301,'Амахонда',250,3,3,7,1,0,3),(2302,'Yes',250,4,0,3,1,0,2),(2303,'Fox',250,5,0,9,1,0,0),(2304,'Центр',250,6,0,0,1,0,0),(2305,'Изюм (Чернигов)',250,7,2,10,0,0,0),(2306,'Батько',250,8,2,8,0,0,2),(2307,'Космос',250,9,0,4,0,0,3),(2308,'Звездочка',250,10,0,0,5,0,2),(2309,'Vilka',251,1,0,0,0,0,3),(2310,'Цапля',251,2,1,8,0,0,2),(2311,'Антонио',251,3,0,0,0,0,1),(2312,'Do you',251,4,0,1,0,0,0),(2313,'Run Away',251,5,0,0,1,0,2),(2314,'Амбал',251,6,2,0,2,0,2),(2315,'Точка',251,7,2,0,1,0,2),(2316,'Файна',251,8,0,2,0,0,1),(2317,'Мака',251,9,3,0,0,0,0),(2318,'Кошка (Чернигов)',251,10,0,7,1,0,0),(2319,'Do you',252,1,0,3,0,0,0),(2320,'Yes',252,2,2,8,0,0,0),(2321,'Locky',252,3,1,10,0,0,4),(2322,'Центр',252,4,0,1,0,0,0),(2323,'Звездочка',252,5,2,0,0,0,2),(2324,'Батько',252,6,0,6,0,0,0),(2325,'Изюм (Чернигов)',252,7,0,0,0,0,0),(2326,'Кас (Чернигов)',252,8,3,9,0,0,0),(2327,'Амахонда',252,9,0,4,0,0,1),(2328,'Космос',252,10,0,8,0,0,1),(2329,'Амахонда',253,1,2,0,0,0,2),(2330,'Треф',253,2,0,2,0,0,1),(2331,'Yes',253,3,3,0,0,0,0),(2332,'Фатима',253,4,0,1,0,0,1),(2333,'Лачевски',253,5,2,0,0,0,0),(2334,'Анархия',253,6,0,0,0,0,2),(2335,'Цапля',253,7,1,8,0,0,2),(2336,'Антонио',253,8,0,0,0,0,1),(2337,'Амбал',253,9,0,0,0,0,2),(2338,'Точка',253,10,0,7,0,0,2),(2339,'Yes',254,1,0,0,0,0,1),(2340,'Точка',254,2,1,0,0,0,0),(2341,'Кас (Чернигов)',254,3,3,3,0,0,0),(2342,'Run Away',254,4,0,6,0,0,3),(2343,'Космос',254,5,2,6,0,0,1),(2344,'Антонио',254,6,0,0,0,0,1),(2345,'Амбал',254,7,0,0,0,0,1),(2346,'Лачевски',254,8,0,1,0,0,1),(2347,'Фатима',254,9,2,8,0,0,1),(2348,'Анархия',254,10,0,7,0,0,4),(2349,'Антонио',255,1,0,3,0,0,0),(2350,'Yes',255,2,2,7,0,0,3),(2351,'Фатима',255,3,0,0,0,0,0),(2352,'Do you',255,4,0,0,0,0,3),(2353,'Точка',255,5,1,0,0,0,3),(2354,'Кошка (Чернигов)',255,6,3,3,0,0,0),(2355,'Амахонда',255,7,0,1,0,0,2),(2356,'Центр',255,8,2,6,0,0,2),(2357,'Мака',255,9,0,2,0,0,0),(2358,'Треф',255,10,0,0,0,0,3),(2359,'Хирург',256,1,0,1,0,0,0),(2360,'Faust',256,2,0,8,0,0,2),(2361,'Fool',256,3,3,0,0,0,2),(2362,'Цапля',256,4,0,0,0,0,1),(2363,'Звездочка',256,5,0,3,0,0,1),(2364,'Рамино',256,6,0,2,0,0,2),(2365,'Эргноор',256,7,2,7,0,0,2),(2366,'Vilka',256,8,0,4,0,0,1),(2367,'Snoopy',256,9,1,10,0,0,2),(2368,'Космос',256,10,2,3,0,0,0),(2369,'Файна',257,1,2,0,4,0,2),(2370,'Вася',257,2,0,0,1,0,1),(2371,'Fox',257,3,0,4,1,0,0),(2372,'Рамино',257,4,0,7,0,0,1),(2373,'Айдахо',257,5,3,9,0,0,0),(2374,'Хирург',257,6,1,2,2,0,1),(2375,'Цапля',257,7,0,1,1,0,0),(2376,'Faust',257,8,0,3,1,0,3),(2377,'Ниф',257,9,2,8,0,0,1),(2378,'Панда',257,10,0,10,0,0,3),(2379,'Fool',258,1,0,2,0,0,1),(2380,'Вася',258,2,0,3,0,0,0),(2381,'Айдахо',258,3,0,10,0,0,2),(2382,'Айсберг',258,4,3,0,6,0,0),(2383,'Faust',258,5,2,7,1,0,3),(2384,'Файна',258,6,1,8,0,0,2),(2385,'Fox',258,7,0,1,0,0,0),(2386,'Snoopy',258,8,0,4,0,0,0),(2387,'Vilka',258,9,0,0,0,0,3),(2388,'Космос',258,10,2,9,1,0,3),(2389,'Кика',259,1,2,0,0,0,1),(2390,'Мака',259,2,0,0,0,0,0),(2391,'Файна',259,3,1,2,0,0,2),(2392,'Амбал',259,4,0,9,0,0,4),(2393,'Кошка (Чернигов)',259,5,0,0,0,0,0),(2394,'Run Away',259,6,0,0,0,0,1),(2395,'Антонио',259,7,2,8,0,0,0),(2396,'Латвия',259,8,0,3,0,0,0),(2397,'Анархия',259,9,0,1,0,0,1),(2398,'Точка',259,10,3,7,0,0,0),(2399,'Мака',260,1,0,1,0,0,0),(2400,'Locky',260,2,2,0,0,0,2),(2401,'Do you',260,3,1,0,0,0,1),(2402,'Кошка (Чернигов)',260,4,0,8,0,0,1),(2403,'Центр',260,5,0,2,0,0,1),(2404,'Батько',260,6,2,0,0,0,0),(2405,'Кика',260,7,0,7,0,0,0),(2406,'Латвия',260,8,3,0,0,0,0),(2407,'Треф',260,9,0,0,0,0,2),(2408,'Vilka',260,10,0,0,0,0,0),(2409,'Афоня',261,1,1,2,0,0,1),(2410,'Амбал',261,2,2,7,0,0,3),(2411,'Треф',261,3,0,0,0,0,3),(2412,'Антонио',261,4,3,9,0,0,3),(2413,'Кошка (Чернигов)',261,5,0,3,0,0,0),(2414,'Амахонда',261,6,0,0,0,0,3),(2415,'Vincent',261,7,0,0,0,0,3),(2416,'Рио',261,8,2,8,0,0,2),(2417,'Ниф',261,9,0,1,0,0,1),(2418,'Just',261,10,0,0,1,0,3),(2419,'Just',262,1,0,0,0,0,3),(2420,'Vincent',262,2,3,9,0,0,2),(2421,'Кошка (Чернигов)',262,3,0,1,0,0,0),(2422,'Мака',262,4,1,0,0,0,0),(2423,'Ниф',262,5,0,3,0,0,1),(2424,'Амахонда',262,6,2,7,0,0,1),(2425,'Рио',262,7,0,6,0,0,0),(2426,'Амбал',262,8,0,2,0,0,0),(2427,'Треф',262,9,2,8,0,0,2),(2428,'Панда',262,10,0,0,1,0,0),(2429,'Questra',263,1,0,0,0,0,3),(2430,'Антонио',263,2,0,9,3,0,1),(2431,'Мака',263,3,1,7,0,0,0),(2432,'Панда',263,4,0,3,0,0,1),(2433,'Рио',263,5,2,0,1,0,2),(2434,'Кью',263,6,0,2,0,0,1),(2435,'Vincent',263,7,0,0,0,0,1),(2436,'Амахонда',263,8,0,1,0,0,1),(2437,'Клич',263,9,3,8,1,0,1),(2438,'Афоня',263,10,2,0,2,0,2),(2439,'Vincent',264,1,0,3,0,0,2),(2440,'Зара',264,2,2,8,0,0,2),(2441,'Ниф',264,3,1,0,0,0,2),(2442,'Амбал',264,4,0,0,0,0,1),(2443,'Клич',264,5,0,1,0,0,1),(2444,'Панда',264,6,3,0,0,0,3),(2445,'Рио',264,7,0,2,0,0,3),(2446,'Треф',264,8,0,9,0,0,3),(2447,'Антонио',264,9,0,7,0,0,0),(2448,'Кью',264,10,2,0,0,0,1),(2449,'Just',265,1,0,7,0,0,0),(2450,'Кью',265,2,0,1,1,0,0),(2451,'Антонио',265,3,3,8,1,0,3),(2452,'Do you',265,4,0,0,0,0,1),(2453,'Треф',265,5,0,10,1,0,3),(2454,'Locky',265,6,0,3,1,0,0),(2455,'Ниф',265,7,1,2,0,0,3),(2456,'Джульетта',265,8,0,4,0,0,0),(2457,'Амбал',265,9,2,9,1,0,2),(2458,'Космос',265,10,2,0,5,0,2),(2459,'Мака',266,1,2,9,0,0,2),(2460,'Кошка (Чернигов)',266,2,0,4,1,0,0),(2461,'Амахонда',266,3,0,0,0,0,2),(2462,'Треф',266,4,0,3,0,0,3),(2463,'Рио',266,5,1,2,0,0,1),(2464,'Кью',266,6,0,1,0,0,1),(2465,'Май',266,7,0,0,0,0,1),(2466,'Амбал',266,8,3,8,0,0,3),(2467,'Афоня',266,9,2,10,0,0,3),(2468,'Панда',266,10,0,7,0,0,1),(2469,'Панда',267,1,0,3,0,0,1),(2470,'Май',267,2,0,10,0,0,2),(2471,'Амбал',267,3,0,7,0,0,0),(2472,'Кошка (Чернигов)',267,4,2,0,0,0,0),(2473,'Джульетта',267,5,1,2,0,0,0),(2474,'Vincent',267,6,0,1,0,0,0),(2475,'Рио',267,7,0,0,0,0,2),(2476,'Амахонда',267,8,0,0,0,0,2),(2477,'Кью',267,9,2,8,0,0,2),(2478,'Афоня',267,10,3,9,0,0,3),(2479,'Амахонда',268,1,0,0,1,0,1),(2480,'Рио',268,2,0,2,0,0,2),(2481,'Мака',268,3,0,0,0,0,0),(2482,'Афоня',268,4,3,7,0,0,1),(2483,'Клич',268,5,0,3,4,0,2),(2484,'Questra',268,6,2,9,0,0,2),(2485,'Just',268,7,0,1,0,0,1),(2486,'Кошка (Чернигов)',268,8,2,8,0,0,0),(2487,'Зара',268,9,0,6,0,0,0),(2488,'Джульетта',268,10,1,8,2,0,0),(2489,'Locky',269,1,2,0,0,0,3),(2490,'Questra',269,2,0,9,0,0,1),(2491,'Do you',269,3,2,8,0,0,0),(2492,'Серый',269,4,0,3,0,0,1),(2493,'Deja vu',269,5,0,0,0,0,0),(2494,'Космос',269,6,1,2,0,0,0),(2495,'Ниф',269,7,0,10,0,0,3),(2496,'Антонио',269,8,0,9,0,0,0),(2497,'Vincent',269,9,0,4,0,0,1),(2498,'Клич',269,10,3,7,0,0,1),(2499,'Мака',270,1,0,0,0,0,1),(2500,'Антонио',270,2,3,9,0,0,0),(2501,'Цапля',270,3,0,4,1,0,2),(2502,'Фетиш',270,4,2,8,0,0,0),(2503,'Do you',270,5,0,7,0,0,0),(2504,'Зара',270,6,2,0,0,0,2),(2505,'Questra',270,7,0,0,1,0,1),(2506,'Ниф',270,8,0,3,1,0,1),(2507,'Клич',270,9,1,0,1,0,1),(2508,'Май',270,10,0,1,0,0,0),(2509,'Панда',271,1,0,0,0,0,0),(2510,'Кью',271,2,2,7,0,0,0),(2511,'Амахонда',271,3,0,0,1,0,2),(2512,'Джульетта',271,4,0,0,2,0,0),(2513,'Кошка (Чернигов)',271,5,0,0,0,0,0),(2514,'Мака',271,6,1,2,1,0,1),(2515,'Май',271,7,3,8,0,0,0),(2516,'Цапля',271,8,2,8,0,0,1),(2517,'Амбал',271,9,0,0,3,0,1),(2518,'Афоня',271,10,0,0,0,0,2),(2519,'Мака',272,1,0,1,0,0,0),(2520,'Кью',272,2,0,2,0,0,1),(2521,'Амахонда',272,3,0,8,0,0,2),(2522,'Амбал',272,4,0,4,1,0,0),(2523,'Афоня',272,5,2,10,0,0,3),(2524,'Questra',272,6,1,0,1,0,2),(2525,'Панда',272,7,0,3,2,0,2),(2526,'Кошка (Чернигов)',272,8,2,7,0,0,0),(2527,'Джульетта',272,9,3,9,3,0,2),(2528,'Космос',272,10,0,0,3,0,1),(2529,'Snoopy',273,1,0,10,0,0,3),(2530,'Точка',273,2,3,0,2,0,1),(2531,'Звездочка',273,3,0,0,2,0,2),(2532,'Do you',273,4,0,7,0,0,2),(2533,'Турист',273,5,0,4,0,0,2),(2534,'Эргноор',273,6,2,8,0,0,2),(2535,'Хирург',273,7,0,2,0,0,2),(2536,'Амахонда',273,8,0,1,2,0,0),(2537,'Ниф',273,9,2,9,3,0,3),(2538,'Fox',273,10,1,9,0,0,3),(2539,'Locky',274,1,1,0,0,0,3),(2540,'Турист',274,2,2,10,0,0,3),(2541,'Батько',274,3,0,0,0,0,2),(2542,'Do you',274,4,0,4,0,0,2),(2543,'Erin (Чернигов)',274,5,3,7,0,0,0),(2544,'Панда',274,6,0,2,0,0,1),(2545,'Амахонда',274,7,2,8,0,0,2),(2546,'Ниф',274,8,0,1,0,0,1),(2547,'Кошка (Чернигов)',274,9,0,9,0,0,2),(2548,'Антонио',274,10,0,3,0,0,0),(2549,'Ронни',275,1,3,10,0,0,1),(2550,'Панда',275,2,0,3,0,0,3),(2551,'Амбал',275,3,0,4,0,0,1),(2552,'Ни Грамма',275,4,0,0,1,0,0),(2553,'Джульетта',275,5,2,11,0,0,0),(2554,'Нюся',275,6,0,1,0,0,0),(2555,'Зара',275,7,0,9,0,0,2),(2556,'Ниф',275,8,0,0,1,0,3),(2557,'Vincent',275,9,2,7,1,0,2),(2558,'Звездочка',275,10,1,0,4,0,3),(2559,'Ниф',276,1,2,8,0,0,3),(2560,'Ронни',276,2,0,0,1,0,0),(2561,'Нюся',276,3,2,10,1,0,1),(2562,'Цапля',276,4,0,0,2,0,2),(2563,'Звездочка',276,5,0,3,1,0,2),(2564,'Do you',276,6,1,2,0,0,0),(2565,'Хирург',276,7,0,1,0,0,0),(2566,'Кью',276,8,0,9,1,0,3),(2567,'Зара',276,9,3,7,0,0,0),(2568,'Клич',276,10,0,4,1,0,2),(2569,'Амбал',277,1,0,2,0,0,0),(2570,'Ниф',277,2,0,4,0,0,3),(2571,'Хирург',277,3,0,10,0,0,2),(2572,'Фетиш',277,4,1,3,2,0,0),(2573,'Май',277,5,0,0,1,0,0),(2574,'Зара',277,6,3,9,0,0,0),(2575,'Vincent',277,7,2,8,0,0,0),(2576,'Панда',277,8,0,5,5,0,2),(2577,'Клич',277,9,2,0,1,0,0),(2578,'Faust',277,10,0,11,0,0,3),(2579,'Brew',278,1,0,0,1,0,2),(2580,'Амахонда',278,2,3,8,1,0,2),(2581,'Ниф',278,3,0,5,1,0,2),(2582,'Амбал',278,4,0,7,0,0,1),(2583,'Космос',278,5,1,3,1,0,2),(2584,'Клич',278,6,0,2,0,0,1),(2585,'Антонио',278,7,2,11,2,0,0),(2586,'Do you',278,8,0,0,2,0,1),(2587,'Звездочка',278,9,2,9,0,0,0),(2588,'Кью',278,10,0,1,0,0,1),(2589,'Цапля',279,1,0,4,0,0,3),(2590,'Brew',279,2,0,0,0,0,1),(2591,'Рио',279,3,2,7,1,0,3),(2592,'Амахонда',279,4,0,9,0,0,1),(2593,'Кью',279,5,0,3,0,0,2),(2594,'Ниф',279,6,3,0,3,0,2),(2595,'Кошка (Чернигов)',279,7,1,8,0,0,0),(2596,'Панда',279,8,0,0,0,0,1),(2597,'Хирург',279,9,2,0,2,0,0),(2598,'Антонио',279,10,0,1,0,0,0),(2599,'Do you',280,1,2,0,2,0,0),(2600,'Vincent',280,2,2,0,4,0,1),(2601,'Панда',280,3,3,0,3,0,2),(2602,'Турист',280,4,0,7,0,0,2),(2603,'Зара',280,5,0,0,0,0,1),(2604,'Кью',280,6,1,8,0,0,1),(2605,'Рио',280,7,0,0,0,0,2),(2606,'Кошка (Чернигов)',280,8,0,0,0,0,0),(2607,'Хирург',280,9,0,1,0,0,0),(2608,'Клич',280,10,0,2,0,0,1),(2609,'Ниф',281,1,1,0,1,0,0),(2610,'Just',281,2,0,1,1,0,0),(2611,'Вынос Мозга',281,3,0,0,0,0,0),(2612,'Амахонда',281,4,0,8,0,0,2),(2613,'НеПодарок',281,5,2,3,1,0,0),(2614,'Locky',281,6,0,2,5,0,2),(2615,'Do you',281,7,2,6,0,0,0),(2616,'Фил',281,8,0,8,0,0,0),(2617,'Май',281,9,0,0,2,0,1),(2618,'Рамино',281,10,3,7,0,0,3),(2619,'Just',282,1,0,9,0,0,3),(2620,'Рио',282,2,0,3,4,0,2),(2621,'Francesco',282,3,0,10,0,0,3),(2622,'Мэри',282,4,0,0,0,0,2),(2623,'Locky',282,5,1,2,0,0,2),(2624,'Brew',282,6,0,6,0,0,1),(2625,'Борман',282,7,0,1,0,0,0),(2626,'Афоня',282,8,2,8,1,0,0),(2627,'Антонио',282,9,2,0,3,0,1),(2628,'Хохол',282,10,3,7,0,0,0),(2629,'Кью',283,1,0,0,0,0,0),(2630,'Do you',283,2,1,0,0,0,3),(2631,'Центр',283,3,0,0,0,0,3),(2632,'Run Away',283,4,3,9,0,0,3),(2633,'Клич',283,5,2,7,0,0,0),(2634,'Locky',283,6,0,1,0,0,1),(2635,'Рио',283,7,2,8,0,0,2),(2636,'Лилия',283,8,0,0,2,0,2),(2637,'Борман',283,9,0,0,0,0,1),(2638,'Амахонда',283,10,0,0,0,0,1),(2639,'Francesco',284,1,0,0,0,0,0),(2640,'Кью',284,2,2,7,0,0,0),(2641,'Рио',284,3,3,8,0,0,3),(2642,'Центр',284,4,0,0,0,0,0),(2643,'Do you',284,5,0,0,0,0,1),(2644,'Космос',284,6,0,0,0,0,2),(2645,'Амахонда',284,7,0,1,0,0,0),(2646,'Ниф',284,8,1,2,0,0,1),(2647,'Run Away',284,9,2,3,0,0,1),(2648,'Борман',284,10,0,0,0,0,0),(2649,'Кенни',285,1,0,7,0,0,1),(2650,'Do you',285,2,2,0,1,0,1),(2651,'Fox',285,3,3,0,1,0,1),(2652,'Амахонда',285,4,0,1,0,0,0),(2653,'Паника',285,5,2,9,0,0,2),(2654,'Антонио',285,6,0,0,3,0,1),(2655,'Fool',285,7,0,10,0,0,2),(2656,'Kurt',285,8,1,0,0,0,3),(2657,'Ниф',285,9,0,3,0,0,2),(2658,'Хирург',285,10,0,4,0,0,1),(2659,'Антонио',286,1,2,7,0,0,1),(2660,'Хирург',286,2,0,0,1,0,0),(2661,'Амбал',286,3,1,0,3,0,0),(2662,'Клич',286,4,3,8,0,0,0),(2663,'Цапля',286,5,0,0,0,0,1),(2664,'Ронни',286,6,2,9,0,0,0),(2665,'Рио',286,7,0,0,0,0,2),(2666,'Кошка (Чернигов)',286,8,0,0,0,0,0),(2667,'Ни Грамма',286,9,0,2,1,0,0),(2668,'Ниф',286,10,0,1,0,0,2),(2669,'Амахонда',287,1,0,2,2,0,1),(2670,'Erin (Чернигов)',287,2,0,8,0,0,1),(2671,'Locky',287,3,2,0,3,0,2),(2672,'Антонио',287,4,0,9,1,0,2),(2673,'Fool',287,5,0,0,0,0,1),(2674,'Панда',287,6,3,7,1,0,3),(2675,'Кошка (Чернигов)',287,7,2,0,3,0,0),(2676,'Космос',287,8,0,3,0,0,2),(2677,'Точка',287,9,1,1,0,0,1),(2678,'Батько',287,10,0,0,0,0,2),(2679,'Ниф',288,1,0,2,0,0,2),(2680,'Хирург',288,2,2,0,0,0,0),(2681,'Do you',288,3,0,1,0,0,0),(2682,'Батько',288,4,0,0,0,0,1),(2683,'Erin (Чернигов)',288,5,3,0,0,0,0),(2684,'Амахонда',288,6,0,0,0,0,2),(2685,'Locky',288,7,2,0,0,0,3),(2686,'Антонио',288,8,0,0,0,0,0),(2687,'Панда',288,9,1,7,0,0,1),(2688,'Fool',288,10,0,6,0,0,0),(2689,'Центр',289,1,0,0,0,0,1),(2690,'Run Away',289,2,0,0,1,0,3),(2691,'Борман',289,3,2,10,0,0,0),(2692,'Do you',289,4,0,0,1,0,3),(2693,'Рамино',289,5,2,8,0,0,2),(2694,'Клич',289,6,0,4,0,0,1),(2695,'Космос',289,7,1,2,7,0,1),(2696,'Vilka',289,8,0,3,0,0,1),(2697,'Джульетта',289,9,0,0,1,0,0),(2698,'Francesco',289,10,3,9,0,0,3),(2699,'Фил',290,1,0,6,0,0,0),(2700,'Ниф',290,2,2,0,0,0,2),(2701,'НеПодарок',290,3,0,2,0,0,3),(2702,'Francesco',290,4,0,7,0,0,2),(2703,'Антонио',290,5,1,0,0,0,1),(2704,'Do you',290,6,0,1,0,0,1),(2705,'Зара',290,7,0,0,0,0,0),(2706,'Хохол',290,8,3,0,0,0,1),(2707,'Эргноор',290,9,0,0,0,0,1),(2708,'Амахонда',290,10,2,0,0,0,3),(2709,'Кью',291,1,3,9,0,0,0),(2710,'Brew',291,2,0,3,0,0,0),(2711,'Май',291,3,0,4,0,0,0),(2712,'Вынос Мозга',291,4,0,9,0,0,0),(2713,'Граф',291,5,0,7,0,0,0),(2714,'Джульетта',291,6,0,0,0,0,0),(2715,'Космос',291,7,2,0,7,0,0),(2716,'Рио',291,8,1,2,3,0,0),(2717,'Мэри',291,9,2,8,0,0,0),(2718,'Locky',291,10,0,1,0,0,0),(2719,'Амахонда',292,1,0,3,0,0,2),(2720,'Фил',292,2,2,8,0,0,3),(2721,'НеПодарок',292,3,3,9,0,0,2),(2722,'Джульетта',292,4,0,0,1,0,0),(2723,'Ниф',292,5,0,0,2,0,0),(2724,'Май',292,6,0,0,0,0,2),(2725,'Граф',292,7,0,8,0,0,4),(2726,'Вынос Мозга',292,8,2,7,0,0,0),(2727,'Чехов',292,9,1,0,0,0,0),(2728,'Клич',292,10,0,1,0,0,0),(2729,'Фил',293,1,2,0,0,0,0),(2730,'Граф',293,2,0,0,0,0,2),(2731,'Вынос Мозга',293,3,3,0,0,0,0),(2732,'Джульетта',293,4,1,0,0,0,0),(2733,'Francesco',293,5,2,7,0,0,3),(2734,'Ниф',293,6,0,0,0,0,2),(2735,'Антонио',293,7,0,0,0,0,1),(2736,'Афоня',293,8,0,0,0,0,3),(2737,'Just',293,9,0,0,0,0,0),(2738,'Зара',293,10,0,0,0,0,2),(2739,'Brew',294,1,0,1,0,0,0),(2740,'Файна',294,2,2,11,0,0,2),(2741,'Мэри',294,3,0,4,0,0,3),(2742,'Кью',294,4,0,0,0,0,3),(2743,'Рио',294,5,0,0,0,0,3),(2744,'Граф',294,6,3,10,0,0,3),(2745,'Антонио',294,7,0,3,0,0,1),(2746,'Фил',294,8,2,9,0,0,0),(2747,'Афоня',294,9,1,0,0,0,2),(2748,'Locky',294,10,0,7,0,0,2),(2749,'Run Away',295,1,0,3,0,0,3),(2750,'Клич',295,2,0,2,0,0,1),(2751,'Антонио',295,3,0,8,0,0,1),(2752,'Граф',295,4,1,9,0,0,1),(2753,'Хохол',295,5,0,0,0,0,1),(2754,'Джульетта',295,6,0,0,0,0,0),(2755,'Космос',295,7,2,0,0,0,3),(2756,'Центр',295,8,3,0,0,0,0),(2757,'Борман',295,9,2,7,0,0,1),(2758,'Francesco',295,10,0,7,0,0,1),(2769,'Борман',297,1,1,0,0,0,1),(2770,'НеПодарок',297,2,0,8,0,0,0),(2771,'Граф',297,3,2,0,0,0,3),(2772,'Locky',297,4,0,9,0,0,3),(2773,'Ни Грамма',297,5,0,2,0,0,0),(2774,'Фетиш',297,6,0,1,0,0,0),(2775,'Клич',297,7,0,3,0,0,0),(2776,'Ниф',297,8,3,0,0,0,3),(2777,'Амахонда',297,9,2,7,0,0,0),(2778,'Космос',297,10,0,0,0,0,1),(2779,'Космос',298,1,0,1,0,0,0),(2780,'Francesco',298,2,3,0,0,0,2),(2781,'Ниф',298,3,2,0,0,0,1),(2782,'Афоня',298,4,2,7,0,0,1),(2783,'Хохол',298,5,0,0,0,0,0),(2784,'Эргноор',298,6,0,9,0,0,3),(2785,'Амахонда',298,7,0,3,0,0,1),(2786,'Do you',298,8,0,0,0,0,1),(2787,'Центр',298,9,1,8,0,0,0),(2788,'Зара',298,10,0,2,0,0,0),(2789,'Do you',299,1,3,8,0,0,1),(2790,'Кью',299,2,0,3,0,0,3),(2791,'Джульетта',299,3,0,9,0,0,1),(2792,'Мэри',299,4,0,0,0,0,2),(2793,'Май',299,5,0,0,0,0,1),(2794,'Хохол',299,6,0,2,0,0,2),(2795,'Brew',299,7,0,4,0,0,1),(2796,'Вынос Мозга',299,8,2,7,0,0,1),(2797,'Рио',299,9,2,10,0,0,2),(2798,'Афоня',299,10,1,1,0,0,0),(2799,'Фантом',300,1,0,0,0,0,0),(2800,'Хохол',300,2,3,9,1,0,0),(2801,'Locky',300,3,0,2,4,0,2),(2802,'Клич',300,4,0,0,0,0,0),(2803,'Мэри',300,5,0,0,1,0,0),(2804,'Борман',300,6,2,8,0,0,0),(2805,'Файна',300,7,0,1,0,0,1),(2806,'Brew',300,8,2,7,0,0,0),(2807,'Мерлин',300,9,0,0,1,0,1),(2808,'НеПодарок',300,10,1,3,1,0,1),(2809,'НеПодарок',301,1,0,9,1,0,0),(2810,'Vilka',301,2,0,3,0,0,2),(2811,'Мерлин',301,3,0,2,0,0,0),(2812,'Джульетта',301,4,0,1,0,0,0),(2813,'Клич',301,5,1,0,0,0,0),(2814,'Зара',301,6,2,0,0,0,0),(2815,'Амахонда',301,7,0,7,2,0,1),(2816,'Айсберг',301,8,2,0,0,0,0),(2817,'Фантом',301,9,3,8,5,0,0),(2818,'Борман',301,10,0,0,0,0,0),(2819,'Зара',302,1,2,0,8,0,1),(2820,'Вынос Мозга',302,2,1,0,0,0,0),(2821,'Цапля',302,3,0,8,0,0,2),(2822,'Амахонда',302,4,0,1,0,0,0),(2823,'Ниф',302,5,0,0,0,0,2),(2824,'Граф',302,6,0,0,0,0,2),(2825,'Афоня',302,7,3,0,1,0,0),(2826,'Фетиш',302,8,0,7,0,0,0),(2827,'Джульетта',302,9,0,2,0,0,0),(2828,'Май',302,10,2,0,0,0,3),(2829,'Амахонда',303,1,0,1,0,0,1),(2830,'Fool',303,2,3,0,1,0,3),(2831,'Do you',303,3,1,2,0,0,1),(2832,'Точка',303,4,0,8,2,0,2),(2833,'Хирург',303,5,0,0,0,0,2),(2834,'Ниф',303,6,0,7,0,0,2),(2835,'Звездочка',303,7,2,0,2,0,1),(2836,'Fox',303,8,0,0,2,0,0),(2837,'Кошка (Чернигов)',303,9,0,0,0,0,0),(2838,'Snoopy',303,10,2,0,3,0,1),(2839,'Амахонда',304,1,1,0,0,0,0),(2840,'Турист',304,2,2,8,0,0,0),(2841,'Треф',304,3,0,1,0,0,0),(2842,'Do you',304,4,0,2,0,0,0),(2843,'Тесла',304,5,2,7,0,0,0),(2844,'Ронни',304,6,3,9,0,0,0),(2845,'Антонио',304,7,0,0,0,0,0),(2846,'Звездочка',304,8,0,0,0,0,0),(2847,'Мака',304,9,0,0,0,0,0),(2848,'Клич',304,10,0,3,0,0,0),(2849,'Fool',305,1,0,0,0,0,0),(2850,'Snoopy',305,2,0,3,0,0,0),(2851,'Kurt',305,3,0,0,0,0,0),(2852,'Ниф',305,4,0,0,0,0,0),(2853,'Джульетта',305,5,0,1,0,0,0),(2854,'Questra',305,6,2,7,0,0,0),(2855,'Амахонда',305,7,1,0,0,0,0),(2856,'Треф',305,8,2,9,0,0,0),(2857,'Хирург',305,9,0,8,0,0,0),(2858,'Май',305,10,3,9,0,0,0),(2859,'Панда',306,1,1,8,0,0,3),(2860,'Айсберг',306,2,0,7,0,0,0),(2861,'Blink',306,3,0,0,0,0,0),(2862,'Амбал',306,4,0,0,0,0,0),(2863,'Звездочка',306,5,2,0,0,0,0),(2864,'Кью',306,6,0,8,0,0,0),(2865,'Амахонда',306,7,0,0,0,0,0),(2866,'Цапля',306,8,2,0,0,0,0),(2867,'Do you',306,9,0,6,0,0,0),(2868,'Мака',306,10,3,0,0,0,0),(2869,'Турист',307,1,2,8,0,0,0),(2870,'Антонио',307,2,0,1,0,0,0),(2871,'Марго (Полтава)',307,3,0,0,3,0,0),(2872,'Хирург',307,4,2,9,1,0,0),(2873,'Fox',307,5,0,8,0,0,0),(2874,'Амбал',307,6,0,6,1,0,0),(2875,'Fool',307,7,1,2,1,0,0),(2876,'Ниф',307,8,0,0,1,0,0),(2877,'Locky',307,9,0,0,3,0,0),(2878,'Фетиш',307,10,3,7,0,0,0),(2879,'Турист',308,1,0,0,0,0,0),(2880,'Ниф',308,2,1,2,0,1,0),(2881,'Фетиш',308,3,0,5,0,0,0),(2882,'Хирург',308,4,3,8,0,1,0),(2883,'Мака',308,5,2,3,0,0,0),(2884,'Антонио',308,6,0,3,0,2,0),(2885,'Fox',308,7,0,1,0,0,0),(2886,'Марго (Полтава)',308,8,0,7,0,0,0),(2887,'Fool',308,9,2,0,0,3,3),(2888,'Амбал',308,10,0,11,0,3,3),(2889,'Амахонда',309,1,3,0,0,0,0),(2890,'Тесла',309,2,0,7,0,0,0),(2891,'Паника',309,3,2,0,0,0,0),(2892,'Клич',309,4,1,0,0,0,0),(2893,'Май',309,5,0,2,0,0,0),(2894,'Snoopy',309,6,0,8,0,0,0),(2895,'Хирург',309,7,0,1,0,0,0),(2896,'Амбал',309,8,2,0,0,0,0),(2897,'Треф',309,9,0,0,0,0,0),(2898,'Ниф',309,10,0,0,0,0,0),(2899,'НеПодарок',310,1,0,0,0,0,2),(2900,'Vilka',310,2,0,4,0,0,2),(2901,'Мерлин',310,3,0,2,0,0,0),(2902,'Джульетта',310,4,0,1,0,0,0),(2903,'Клич',310,5,1,0,0,0,2),(2904,'Зара',310,6,2,0,0,0,0),(2905,'Амахонда',310,7,0,7,0,0,3),(2906,'Айсберг',310,8,2,0,0,0,0),(2907,'Фантом',310,9,3,8,0,0,0),(2908,'Борман',310,10,0,10,0,0,2),(2909,'Мака',311,1,0,1,0,0,0),(2910,'Хирург',311,2,1,0,0,0,0),(2911,'Фетиш',311,3,0,0,0,0,0),(2912,'Турист',311,4,3,3,0,0,2),(2913,'Vincent',311,5,2,7,0,0,1),(2914,'Ниф',311,6,0,0,0,0,3),(2915,'Звездочка',311,7,0,0,0,0,2),(2916,'Run Away',311,8,0,0,0,0,3),(2917,'Антонио',311,9,2,8,0,0,3),(2918,'Амахонда',311,10,0,3,0,0,1),(2919,'Fool',312,1,0,3,0,0,1),(2920,'Blink',312,2,3,2,3,0,2),(2921,'Фетиш',312,3,0,8,0,0,0),(2922,'Амахонда',312,4,0,0,0,0,2),(2923,'Антонио',312,5,0,1,0,0,0),(2924,'Ниф',312,6,2,0,0,0,3),(2925,'Турист',312,7,2,0,7,0,0),(2926,'Хирург',312,8,0,9,0,0,2),(2927,'Run Away',312,9,1,7,0,0,1),(2928,'Мака',312,10,0,0,0,0,0),(2929,'Кью',313,1,0,0,3,0,3),(2930,'Do you',313,2,0,4,0,0,1),(2931,'Just',313,3,0,9,0,0,2),(2932,'Run Away',313,4,2,7,0,0,2),(2933,'Амахонда',313,5,0,0,0,0,2),(2934,'Blink',313,6,3,8,0,0,2),(2935,'Панда',313,7,0,3,1,0,2),(2936,'R2D2',313,8,1,8,0,0,0),(2937,'Мака',313,9,0,1,0,0,0),(2938,'Звездочка',313,10,2,10,5,0,2),(2939,'Кью',314,1,0,0,0,0,1),(2940,'Панда',314,2,3,0,1,0,0),(2941,'R2D2',314,3,1,1,0,0,0),(2942,'Just',314,4,0,0,0,0,0),(2943,'Locky',314,5,0,7,0,0,4),(2944,'Fox',314,6,2,0,0,0,0),(2945,'Звездочка',314,7,0,0,0,0,1),(2946,'Марго (Полтава)',314,8,0,0,7,0,0),(2947,'Антонио',314,9,2,0,0,0,0),(2948,'Vincent',314,10,0,0,0,0,1),(2949,'Fool',315,1,1,2,0,0,1),(2950,'Do you',315,2,0,0,0,0,2),(2951,'R2D2',315,3,2,8,0,0,3),(2952,'Blink',315,4,0,1,0,0,2),(2953,'Кью',315,5,2,9,0,0,3),(2954,'Locky',315,6,0,0,0,0,3),(2955,'Марго (Полтава)',315,7,0,0,0,0,1),(2956,'Панда',315,8,0,0,0,0,2),(2957,'Fox',315,9,0,3,0,0,0),(2958,'Just',315,10,3,7,0,0,0),(2959,'Fool',316,1,0,0,0,0,0),(2960,'Do you',316,2,3,9,0,0,0),(2961,'Марго (Полтава)',316,3,2,8,0,0,0),(2962,'Хирург',316,4,0,0,0,0,0),(2963,'Fox',316,5,1,1,0,0,0),(2964,'Blink',316,6,0,2,0,0,0),(2965,'Ниф',316,7,0,6,0,0,0),(2966,'Цапля',316,8,2,7,0,0,0),(2967,'Мака',316,9,0,8,0,0,0),(2968,'Антонио',316,10,0,3,0,0,0),(2969,'Марго (Полтава)',317,1,3,2,1,0,1),(2970,'Just',317,2,0,4,0,0,1),(2971,'Космос',317,3,1,9,0,0,3),(2972,'Кью',317,4,0,10,0,0,0),(2973,'Мака',317,5,2,0,0,0,0),(2974,'Ниф',317,6,2,7,0,0,3),(2975,'Vincent',317,7,0,3,1,0,2),(2976,'Панда',317,8,0,8,0,0,0),(2977,'Амахонда',317,9,0,0,0,0,2),(2978,'Run Away',317,10,0,1,0,0,1),(2979,'Just',318,1,0,3,0,0,1),(2980,'Мака',318,2,2,0,0,0,1),(2981,'Марго (Полтава)',318,3,0,0,2,0,2),(2982,'Fox',318,4,1,9,2,0,2),(2983,'Амбал',318,5,0,0,3,0,2),(2984,'Ниф',318,6,2,0,1,0,3),(2985,'Vincent',318,7,0,8,1,0,1),(2986,'Амахонда',318,8,3,7,1,0,1),(2987,'Цапля',318,9,0,2,0,0,2),(2988,'Панда',318,10,0,1,0,0,0),(2989,'Звездочка',319,1,0,1,0,0,0),(2990,'Blink',319,2,3,8,2,0,2),(2991,'Цапля',319,3,2,0,4,0,1),(2992,'Айсберг',319,4,1,2,0,0,1),(2993,'Do you',319,5,0,3,1,0,0),(2994,'Мака',319,6,0,7,0,0,2),(2995,'Панда',319,7,0,0,2,0,2),(2996,'R2D2',319,8,0,0,1,0,2),(2997,'Амахонда',319,9,2,0,0,0,0),(2998,'Кью',319,10,0,9,0,0,0),(3009,'22',321,1,3,8,0,0,1),(3010,'Джульетта',321,2,0,0,0,0,0),(3011,'Изюм (Чернигов)',321,3,0,2,4,0,0),(3012,'Клич',321,4,1,1,0,0,0),(3013,'Fox',321,5,2,9,0,0,1),(3014,'Амбал',321,6,0,0,1,0,2),(3015,'Мака',321,7,0,0,0,0,0),(3016,'Звездочка',321,8,0,9,5,0,0),(3017,'Борман',321,9,0,0,0,0,0),(3018,'Цапля',321,10,2,7,0,0,1),(3029,'Акито',323,1,0,0,0,0,2),(3030,'22',323,2,1,9,1,0,3),(3031,'Ни Грамма',323,3,0,0,0,0,2),(3032,'Джульетта',323,4,2,0,3,0,0),(3033,'Kurt',323,5,0,2,1,0,1),(3034,'Звездочка',323,6,0,8,0,0,2),(3035,'Изюм (Чернигов)',323,7,0,1,3,0,0),(3036,'Панда',323,8,3,0,2,0,2),(3037,'Паника',323,9,2,7,0,0,2),(3038,'Изюм (нау)',323,10,0,3,0,0,2),(3039,'Амахонда',324,1,1,0,1,0,2),(3040,'Fox',324,2,0,0,1,0,2),(3041,'22',324,3,0,3,1,0,1),(3042,'Изюм (нау)',324,4,0,1,2,0,1),(3043,'Kurt',324,5,0,0,0,0,1),(3044,'Мака',324,6,0,4,0,0,0),(3045,'Акито',324,7,0,0,4,0,3),(3046,'Паника',324,8,2,9,0,0,1),(3047,'Антонио',324,9,2,8,0,0,0),(3048,'Клич',324,10,3,7,0,0,1),(3049,'Джульетта',325,1,0,1,0,0,0),(3050,'Изюм (Чернигов)',325,2,0,4,0,0,0),(3051,'Амбал',325,3,0,0,0,0,2),(3052,'Vincent',325,4,1,0,1,0,2),(3053,'Антонио',325,5,2,9,0,0,1),(3054,'Борман',325,6,0,7,0,0,0),(3055,'Панда',325,7,3,8,0,0,2),(3056,'Клич',325,8,0,2,0,0,2),(3057,'R2D2',325,9,2,10,0,0,3),(3058,'Звездочка',325,10,0,0,3,0,2),(3059,'Клич',326,1,0,4,0,0,3),(3060,'Vincent',326,2,2,0,6,0,3),(3061,'Fox',326,3,1,2,1,0,2),(3062,'Борман',326,4,0,0,0,0,0),(3063,'Мака',326,5,0,10,0,0,0),(3064,'Панда',326,6,0,6,0,0,0),(3065,'Космос',326,7,0,3,0,0,1),(3066,'Антонио',326,8,3,7,0,0,0),(3067,'R2D2',326,9,0,1,1,0,0),(3068,'22',326,10,2,8,2,0,1),(3069,'Звездочка',327,1,1,1,1,0,0),(3070,'Kurt',327,2,0,0,3,0,3),(3071,'22',327,3,0,0,4,0,1),(3072,'Панда',327,4,2,10,0,0,1),(3073,'Цапля',327,5,0,2,0,0,1),(3074,'Амбал',327,6,0,3,0,0,3),(3075,'Паника',327,7,0,0,2,0,4),(3076,'Fox',327,8,0,8,0,0,2),(3077,'Vincent',327,9,3,9,0,0,0),(3078,'Изюм (Чернигов)',327,10,2,7,0,0,0),(3079,'Амахонда',328,1,0,0,1,0,1),(3080,'Изюм (нау)',328,2,2,7,0,0,1),(3081,'Акито',328,3,1,9,0,0,1),(3082,'Изюм (Чернигов)',328,4,0,8,7,0,0),(3083,'Антонио',328,5,2,9,0,0,0),(3084,'Ни Грамма',328,6,0,0,0,0,0),(3085,'22',328,7,0,1,2,0,1),(3086,'Голубок',328,8,0,4,0,0,1),(3087,'Паника',328,9,0,2,0,0,0),(3088,'Мака',328,10,3,10,0,0,2),(3089,'Панда',329,1,3,0,7,0,2),(3090,'Цапля',329,2,0,2,0,0,1),(3091,'Амбал',329,3,0,3,0,0,1),(3092,'Kurt',329,4,1,0,0,0,1),(3093,'Fox',329,5,0,9,1,0,2),(3094,'Vincent',329,6,0,0,0,0,3),(3095,'22',329,7,0,7,2,0,1),(3096,'Мака',329,8,0,1,0,0,0),(3097,'Ни Грамма',329,9,2,0,0,0,0),(3098,'Голубок',329,10,2,8,0,0,1),(3099,'Kurt',330,1,0,0,5,0,2),(3100,'Vincent',330,2,0,9,0,0,1),(3101,'Изюм (Чернигов)',330,3,0,7,0,0,0),(3102,'Паника',330,4,2,8,0,0,3),(3103,'Мака',330,5,2,0,0,0,0),(3104,'Панда',330,6,3,0,5,0,2),(3105,'Fox',330,7,1,3,0,0,0),(3106,'Изюм (нау)',330,8,0,0,0,0,1),(3107,'22',330,9,0,2,0,0,2),(3108,'Амахонда',330,10,0,1,0,0,0),(3109,'Fox',331,1,0,0,0,0,0),(3110,'Дари',331,2,3,10,0,0,1),(3111,'Цапля',331,3,0,1,0,0,1),(3112,'Звездочка',331,4,0,3,0,0,2),(3113,'Точка',331,5,0,4,2,0,1),(3114,'Керриган',331,6,0,0,0,0,0),(3115,'Антонио',331,7,2,7,0,0,0),(3116,'Эмили',331,8,2,8,0,0,1),(3117,'Blink',331,9,1,0,5,0,2),(3118,'Амбал',331,10,0,0,3,0,1),(3119,'Кью',332,1,0,5,0,0,0),(3120,'Точка',332,2,0,4,0,0,0),(3121,'22',332,3,3,11,0,0,2),(3122,'Мака',332,4,0,2,0,0,0),(3123,'Айдахо',332,5,2,8,0,0,0),(3124,'Керриган',332,6,0,1,0,0,0),(3125,'Эмили',332,7,0,7,0,0,0),(3126,'Изюм (нау)',332,8,0,0,0,0,3),(3127,'Цапля',332,9,2,9,0,0,0),(3128,'Рио',332,10,1,0,0,0,3),(3129,'Кью',333,1,3,0,0,0,2),(3130,'Fool',333,2,0,0,0,0,2),(3131,'Эмили',333,3,2,0,0,0,2),(3132,'Run Away',333,4,0,8,0,0,3),(3133,'Мака',333,5,0,0,0,0,0),(3134,'Точка',333,6,0,7,0,0,2),(3135,'Антонио',333,7,0,0,0,0,2),(3136,'Vincent',333,8,2,0,0,0,2),(3137,'Fox',333,9,1,1,0,0,0),(3138,'Панда',333,10,0,2,0,0,2),(3139,'Рио',334,1,1,0,0,0,1),(3140,'Антонио',334,2,0,6,0,0,1),(3141,'Изюм (нау)',334,3,2,0,0,0,1),(3142,'Эмили',334,4,0,0,0,0,0),(3143,'Точка',334,5,2,0,0,0,0),(3144,'Questra',334,6,0,6,0,0,1),(3145,'Do you',334,7,0,1,0,0,1),(3146,'Ни Грамма',334,8,3,0,0,0,0),(3147,'Fox',334,9,0,8,0,0,4),(3148,'Кью',334,10,0,0,7,0,1),(3149,'Айдахо',335,1,0,0,0,0,1),(3150,'Изюм (нау)',335,2,1,0,0,0,2),(3151,'Ни Грамма',335,3,2,8,0,0,0),(3152,'Do you',335,4,3,3,0,0,2),(3153,'Антонио',335,5,0,0,0,0,1),(3154,'Дари',335,6,0,2,0,0,2),(3155,'22',335,7,0,0,0,0,2),(3156,'Fool',335,8,2,7,0,0,2),(3157,'Fox',335,9,0,1,0,0,0),(3158,'Кью',335,10,0,0,0,0,2),(3159,'Эмили',336,1,2,1,0,0,0),(3160,'Антонио',336,2,0,9,0,0,1),(3161,'Мака',336,3,0,0,0,0,1),(3162,'Звездочка',336,4,0,2,0,0,2),(3163,'Панда',336,5,1,8,0,0,2),(3164,'Fox',336,6,0,3,0,0,1),(3165,'Дари',336,7,3,0,0,0,3),(3166,'Questra',336,8,0,7,0,0,0),(3167,'Vincent',336,9,2,0,0,0,3),(3168,'Blink',336,10,0,0,0,0,2),(3169,'22',337,1,0,1,0,0,1),(3170,'Do you',337,2,2,3,0,0,3),(3171,'Кью',337,3,0,0,0,0,2),(3172,'Ни Грамма',337,4,0,0,0,0,1),(3173,'Дари',337,5,0,0,0,0,1),(3174,'Цапля',337,6,0,0,0,0,2),(3175,'Мака',337,7,2,8,0,0,0),(3176,'Run Away',337,8,0,2,0,0,3),(3177,'Fool',337,9,1,0,0,0,1),(3178,'Изюм (нау)',337,10,3,7,0,0,1),(3179,'Мака',338,1,0,0,0,0,0),(3180,'Джесс',338,2,3,3,0,0,0),(3181,'Do you',338,3,0,0,0,0,3),(3182,'Рио',338,4,0,0,0,0,2),(3183,'Эмили',338,5,1,2,0,0,0),(3184,'Кью',338,6,0,1,1,0,2),(3185,'Ни Грамма',338,7,2,7,0,0,0),(3186,'Fool',338,8,2,8,0,0,2),(3187,'Изюм (нау)',338,9,0,0,0,0,2),(3188,'Зара',338,10,0,0,0,0,0),(3189,'Изюм (нау)',339,1,3,6,0,0,0),(3190,'Айдахо',339,2,0,7,0,0,0),(3191,'Джесс',339,3,0,3,0,0,1),(3192,'Рио',339,4,0,9,1,0,1),(3193,'Точка',339,5,0,0,0,0,2),(3194,'Эмили',339,6,0,1,0,0,0),(3195,'22',339,7,1,2,2,0,1),(3196,'Do you',339,8,0,6,0,0,1),(3197,'Кью',339,9,2,8,1,0,1),(3198,'Амбал',339,10,2,0,2,0,3),(3199,'Звездочка',340,1,0,0,0,0,2),(3200,'Questra',340,2,0,0,2,0,0),(3201,'Панда',340,3,0,3,0,0,1),(3202,'Точка',340,4,2,0,0,0,2),(3203,'Vincent',340,5,0,9,0,0,2),(3204,'Цапля',340,6,0,1,0,0,3),(3205,'Джесс',340,7,0,7,0,0,0),(3206,'Эмили',340,8,1,2,0,0,0),(3207,'Blink',340,9,3,0,7,0,2),(3208,'Рио',340,10,2,8,0,0,3),(3209,'Fox',341,1,2,8,0,0,0),(3210,'Run Away',341,2,1,2,0,0,1),(3211,'Questra',341,3,0,9,0,0,0),(3212,'Панда',341,4,0,0,0,0,3),(3213,'Лачевски',341,5,0,7,0,0,2),(3214,'Звездочка',341,6,0,1,0,0,0),(3215,'Антонио',341,7,2,7,0,0,1),(3216,'22',341,8,0,3,2,0,2),(3217,'Vincent',341,9,3,0,7,0,1),(3218,'Точка',341,10,0,7,1,0,0),(3219,'Мака',342,1,0,10,0,0,0),(3220,'22',342,2,1,3,5,0,2),(3221,'Дари',342,3,0,7,0,0,2),(3222,'Звездочка',342,4,0,2,2,0,3),(3223,'Лачевски',342,5,2,0,2,0,0),(3224,'Fool',342,6,3,8,0,0,1),(3225,'Амбал',342,7,2,9,1,0,3),(3226,'Run Away',342,8,0,1,0,0,1),(3227,'Зара',342,9,0,4,0,0,0),(3228,'Джесс',342,10,0,0,0,0,1),(3229,'22',343,1,0,2,0,0,0),(3230,'Мака',343,2,2,0,1,0,0),(3231,'Антонио',343,3,0,0,0,0,0),(3232,'Космос',343,4,2,0,1,0,0),(3233,'Run Away',343,5,3,0,1,0,3),(3234,'Цапля',343,6,1,1,0,0,0),(3235,'Vincent',343,7,0,0,0,0,1),(3236,'Fool',343,8,0,6,1,0,0),(3237,'Панда',343,9,0,7,0,0,0),(3238,'Звездочка',343,10,0,0,0,0,1),(3239,'Кью',344,1,0,1,0,0,1),(3240,'Do you',344,2,0,3,2,0,3),(3241,'Рио',344,3,0,2,2,0,0),(3242,'22',344,4,2,9,0,0,2),(3243,'Изюм (нау)',344,5,1,0,0,0,2),(3244,'Questra',344,6,3,0,0,0,0),(3245,'Ни Грамма',344,7,0,0,1,0,1),(3246,'Амбал',344,8,0,0,3,0,2),(3247,'Fox',344,9,2,7,0,0,0),(3248,'Космос',344,10,0,8,2,0,2),(3249,'Fool',345,1,1,2,0,0,1),(3250,'Панда',345,2,0,11,1,0,3),(3251,'22',345,3,0,3,1,0,2),(3252,'Do you',345,4,2,0,8,0,2),(3253,'Рио',345,5,0,1,0,0,1),(3254,'Ни Грамма',345,6,0,5,0,0,1),(3255,'Изюм (нау)',345,7,0,0,0,0,3),(3256,'Точка',345,8,2,8,0,0,0),(3257,'Fox',345,9,3,7,0,0,1),(3258,'Questra',345,10,0,9,0,0,1);
/*!40000 ALTER TABLE `player` ENABLE KEYS */;
UNLOCK TABLES;

--
-- Table structure for table `user`
--

DROP TABLE IF EXISTS `user`;
/*!40101 SET @saved_cs_client     = @@character_set_client */;
/*!40101 SET character_set_client = utf8 */;
CREATE TABLE `user` (
  `username` varchar(255) NOT NULL,
  `email` varchar(255) DEFAULT NULL,
  `fb` varchar(255) DEFAULT NULL,
  `password` varchar(255) DEFAULT NULL,
  `vk` varchar(255) DEFAULT NULL,
  PRIMARY KEY (`username`)
) ENGINE=InnoDB DEFAULT CHARSET=utf8;
/*!40101 SET character_set_client = @saved_cs_client */;

--
-- Dumping data for table `user`
--

LOCK TABLES `user` WRITE;
/*!40000 ALTER TABLE `user` DISABLE KEYS */;
INSERT INTO `user` VALUES ('Capla',NULL,NULL,'komdon',NULL),('Faust',NULL,NULL,'komdon',NULL),('Kosmos',NULL,NULL,'komdon',NULL),('Vilka',NULL,NULL,'komdon',NULL);
/*!40000 ALTER TABLE `user` ENABLE KEYS */;
UNLOCK TABLES;
/*!40103 SET TIME_ZONE=@OLD_TIME_ZONE */;

/*!40101 SET SQL_MODE=@OLD_SQL_MODE */;
/*!40014 SET FOREIGN_KEY_CHECKS=@OLD_FOREIGN_KEY_CHECKS */;
/*!40014 SET UNIQUE_CHECKS=@OLD_UNIQUE_CHECKS */;
/*!40101 SET CHARACTER_SET_CLIENT=@OLD_CHARACTER_SET_CLIENT */;
/*!40101 SET CHARACTER_SET_RESULTS=@OLD_CHARACTER_SET_RESULTS */;
/*!40101 SET COLLATION_CONNECTION=@OLD_COLLATION_CONNECTION */;
/*!40111 SET SQL_NOTES=@OLD_SQL_NOTES */;

-- Dump completed on 2015-05-20 11:09:13
